,Order_ID,Product,Quantity_Ordered,Price_Each,Order_Date,Purchase_Address
0,147650,All In One Skate,1,88.95,04/16/19 22:48,"80 AVN Ville nouvelle, Tanger 90000, Morroco"
1,147651,Nike Jacob Janowski,1,778.99,04/21/19 09:17,"100 AVN Hassan II, Essaouira 44000, Morroco"
2,147652,Nike Nyjah 2,1,758.99,04/19/19 21:27,"54 AVN Mohammed VI, Oujda 60000, Morroco"
3,147653,Element ‑ Visserie Allen 1,2,82.95,04/13/19 22:12,"139 AVN Mohammed V, Essaouira 44000, Morroco"
4,147654,Black Standard Bullet Trucks,1,300.0,04/11/19 19:49,"169 AVN Mohammed VI, Oujda 60000, Morroco"
5,147655,Supreme Cap,2,79.99,04/15/19 10:44,"41 AVN Essaada, Fes 30000, Morroco"
6,147656,T-Shirt Colorblock vans,1,189.99,04/16/19 17:46,"87 AVN Mohammed V, Essaouira 44000, Morroco"
7,147657,Supreme Cap,1,79.99,04/03/19 17:32,"142 AVN Mohammed VI, CasaBlanca 20000, Morroco"
8,147658,Steackers,1,24.99,04/16/19 11:28,"88 AVN Mohammed V, Essaouira 44000, Morroco"
9,147659,Steackers,1,24.99,04/01/19 15:16,"176 AVN Essaada, CasaBlanca 20000, Morroco"
10,147660,Nike Nyjah 2,1,758.99,04/10/19 12:36,"158 AVN Mohammed VI, Tanger 90000, Morroco"
11,147661,Element Complete Board,1,1200.0,04/28/19 11:31,"87 AVN Hassan II, CasaBlanca 20000, Morroco"
12,147661,Element ‑ Visserie Allen 1,1,82.95,04/28/19 11:31,"87 AVN Hassan II, CasaBlanca 20000, Morroco"
13,147662,Nike Nyjah 2,1,758.99,04/22/19 01:42,"171 AVN Abbess Ben Abdelmoutalib, Rabat 10000, Morroco"
14,147663,Steackers,1,24.99,04/25/19 21:33,"168 AVN Ville nouvelle, CasaBlanca 20000, Morroco"
15,147664,Grip,1,26.84,04/23/19 20:38,"80 AVN Hassan II, Rabat 10000, Morroco"
16,147664,Trasher hoodie,1,600.0,04/23/19 20:38,"80 AVN Hassan II, Rabat 10000, Morroco"
17,147665,Polished Silver Standard Bullet Trucks,1,299.99,04/02/19 13:32,"173 AVN Mohammed V, Fes 30000, Morroco"
18,147666,T-Shirt Colorblock vans,1,189.99,04/04/19 21:57,"198 AVN Essaada, Essaouira 44000, Morroco"
19,147667,Polished Silver Standard Bullet Trucks,1,299.99,04/12/19 01:13,"69 AVN Ville nouvelle, Salé 11000, Morroco"
20,147668,55mm Sparx 99a Ricta Wheels,1,219.99,04/03/19 11:49,"45 AVN Essaada, Essaouira 44000, Morroco"
21,147669,Element ‑ Visserie Allen 1,1,82.95,04/12/19 15:02,"158 AVN Mohammed V, Tanger 90000, Morroco"
22,147670,All In One Skate,1,88.95,04/17/19 20:17,"176 AVN Abbess Ben Abdelmoutalib, CasaBlanca 20000, Morroco"
23,147671,Black Standard Bullet Trucks,1,300.0,04/17/19 07:51,"192 AVN Elfarah, Fes 30000, Morroco"
24,147672,Steackers,1,24.99,04/18/19 17:30,"83 AVN Essaada, CasaBlanca 20000, Morroco"
25,147673,Steackers,1,24.99,04/22/19 17:43,"5 AVN Ville nouvelle, Salé 11000, Morroco"
26,147674,All In One Skate,1,88.95,04/19/19 10:14,"88 AVN Mohammed V, Oujda 60000, Morroco"
27,147675,Steackers,2,24.99,04/30/19 08:37,"196 AVN El Siaghin, Essaouira 44000, Morroco"
28,147676,Supreme Cap,1,79.99,04/22/19 11:20,"199 AVN Hassan II, Essaouira 44000, Morroco"
29,147677,Oliveira Tin Toy Deck,1,800.0,04/06/19 11:47,"1 AVN Ennasr, Salé 11000, Morroco"
30,147677,Element ‑ Visserie Allen 1,1,82.95,04/06/19 11:47,"1 AVN Ennasr, Salé 11000, Morroco"
31,147678,Flip Complete Board,1,1400.0,04/06/19 14:46,"139 AVN Abbess Ben Abdelmoutalib, Essaouira 44000, Morroco"
32,147679,Black Standard Bullet Trucks,1,300.0,04/20/19 11:28,"78 AVN Mohammed V, Rabat 10000, Morroco"
33,147680,"Santa Cruz Classic Dot 41"" Drop Through Longboard",1,1200.0,04/28/19 19:39,"18 AVN Elfarah, Essaouira 44000, Morroco"
34,147681,Steackers,1,24.99,04/02/19 10:50,"192 AVN Ville nouvelle, CasaBlanca 20000, Morroco"
35,147681,All In One Skate,1,88.95,04/02/19 10:50,"192 AVN Ville nouvelle, CasaBlanca 20000, Morroco"
36,147682,Grip,1,26.84,04/06/19 14:31,"184 AVN Mohammed V, CasaBlanca 20000, Morroco"
37,147683,Element ‑ Visserie Allen 1,1,82.95,04/01/19 14:50,"180 AVN Essaada, Marrakech 40000, Morroco"
38,147684,Nike Nyjah 2,1,758.99,04/19/19 11:57,"138 AVN Ville nouvelle, Essaouira 44000, Morroco"
39,147685,55mm Sparx 99a Ricta Wheels,1,219.99,04/12/19 09:38,"91 AVN Ennasr, Essaouira 44000, Morroco"
40,147686,Grip,1,26.84,04/04/19 09:00,"54 AVN Essaada, Essaouira 44000, Morroco"
41,147687,Black Standard Bullet Trucks,1,300.0,04/21/19 21:43,"178 AVN Hassan II, Oujda 60000, Morroco"
42,147688,Grip,1,26.84,04/16/19 09:50,"134 AVN Ville nouvelle, Fes 30000, Morroco"
43,147689,Steackers,1,24.99,04/24/19 15:23,"183 AVN Medina, Fes 30000, Morroco"
44,147690,All In One Skate,1,88.95,04/28/19 15:20,"98 AVN Mohammed VI, Rabat 10000, Morroco"
45,147691,All In One Skate,1,88.95,04/07/19 09:33,"45 AVN Medina, ElJadida 24000, Morroco"
46,147692,Trasher hoodie,1,600.0,04/09/19 17:09,"64 AVN Elfarah, Marrakech 40000, Morroco"
47,147693,Element ‑ Visserie Allen 1,1,82.95,04/14/19 21:13,"85 AVN Mohammed V, CasaBlanca 20000, Morroco"
48,147694,T-Shirt Colorblock vans,1,189.99,04/28/19 18:11,"145 AVN Ville nouvelle, Essaouira 44000, Morroco"
49,147695,All In One Skate,1,88.95,04/08/19 20:43,"146 AVN Ennasr, Fes 30000, Morroco"
50,147696,Polished Silver Standard Bullet Trucks,1,299.99,04/30/19 11:45,"85 AVN Essaada, Fes 30000, Morroco"
51,147697,Steackers,1,24.99,04/04/19 20:37,"199 AVN Ennasr, Marrakech 40000, Morroco"
52,147698,Supreme Cap,1,79.99,04/01/19 18:04,"7 AVN Elfarah, Essaouira 44000, Morroco"
53,147699,Element ‑ Visserie Allen 1,1,82.95,04/05/19 10:27,"179 AVN Hassan II, Oujda 60000, Morroco"
54,147700,Flat Bar,1,1899.99,04/13/19 15:57,"28 AVN Essaada, Salé 11000, Morroco"
55,147701,T-Shirt Colorblock vans,1,189.99,04/08/19 09:06,"48 AVN Mohammed V, Rabat 10000, Morroco"
56,147702,Steackers,1,24.99,04/29/19 18:11,"123 AVN Ennasr, Rabat 10000, Morroco"
57,147703,55mm Sparx 99a Ricta Wheels,1,219.99,04/02/19 18:11,"187 AVN Ville nouvelle, Tetouan 93000, Morroco"
58,147704,Black Standard Bullet Trucks,1,300.0,04/23/19 17:01,"63 AVN Mohammed VI, Salé 11000, Morroco"
59,147705,Flat Bar,1,1899.99,04/17/19 17:58,"183 AVN Abbess Ben Abdelmoutalib, Marrakech 40000, Morroco"
60,147706,Nike Nyjah 2,1,758.99,04/28/19 11:06,"38 AVN Abbess Ben Abdelmoutalib, Fes 30000, Morroco"
61,147707,Grip,1,26.84,04/02/19 11:47,"199 AVN Abbess Ben Abdelmoutalib, CasaBlanca 20000, Morroco"
62,147708,Trasher hoodie,1,600.0,04/21/19 00:04,"178 AVN Mohammed VI, Rabat 10000, Morroco"
63,147709,Polished Silver Standard Bullet Trucks,1,299.99,04/12/19 23:21,"182 AVN Ville nouvelle, CasaBlanca 20000, Morroco"
64,147710,Steackers,1,24.99,04/22/19 21:07,"153 AVN El Siaghin, Tanger 90000, Morroco"
65,147711,Steackers,1,24.99,04/08/19 22:14,"76 AVN Elfarah, Tetouan 93000, Morroco"
66,147712,Polished Silver Standard Bullet Trucks,1,299.99,04/26/19 09:40,"9 AVN Medina, Essaouira 44000, Morroco"
67,147713,Steackers,1,24.99,04/04/19 01:04,"124 AVN Essaada, Tetouan 93000, Morroco"
68,147714,Element ‑ Visserie Allen 1,1,82.95,04/10/19 10:21,"161 AVN Hassan II, Fes 30000, Morroco"
69,147715,All In One Skate,1,88.95,04/19/19 19:01,"192 AVN Ennasr, Tanger 90000, Morroco"
70,147716,Flip Complete Board,1,1400.0,04/21/19 09:30,"14 AVN Ennasr, Essaouira 44000, Morroco"
71,147717,Element ‑ Visserie Allen 1,1,82.95,04/20/19 12:41,"57 AVN Hassan II, Essaouira 44000, Morroco"
72,147718,Polished Silver Standard Bullet Trucks,1,299.99,04/08/19 10:16,"164 AVN El Siaghin, Salé 11000, Morroco"
73,147719,All In One Skate,1,88.95,04/20/19 23:21,"71 AVN Mohammed V, Oujda 60000, Morroco"
74,147720,Nike Nyjah 2,1,758.99,04/23/19 10:40,"107 AVN Abbess Ben Abdelmoutalib, CasaBlanca 20000, Morroco"
75,147721,Black Standard Bullet Trucks,1,300.0,04/20/19 20:28,"152 AVN Essaada, Salé 11000, Morroco"
76,147722,Nike Nyjah 2,1,758.99,04/23/19 08:16,"40 AVN Mohammed VI, Essaouira 44000, Morroco"
77,147723,All In One Skate,1,88.95,04/16/19 09:45,"128 AVN Ennasr, Salé 11000, Morroco"
78,147723,Element ‑ Visserie Allen 1,1,82.95,04/16/19 09:45,"128 AVN Ennasr, Salé 11000, Morroco"
79,147724,Black Standard Bullet Trucks,1,300.0,04/21/19 08:24,"167 AVN Hassan II, CasaBlanca 20000, Morroco"
80,147725,Black Standard Bullet Trucks,1,300.0,04/20/19 10:18,"153 AVN El Siaghin, Rabat 10000, Morroco"
81,147726,Flip Complete Board,1,1400.0,04/22/19 12:43,"126 AVN Ennasr, CasaBlanca 20000, Morroco"
82,147727,Nike Nyjah 2,1,758.99,04/26/19 11:14,"140 AVN Abbess Ben Abdelmoutalib, Salé 11000, Morroco"
83,147728,Element Complete Board,1,1200.0,04/26/19 13:03,"110 AVN Elfarah, Essaouira 44000, Morroco"
84,147729,Grip,1,26.84,04/09/19 16:18,"31 AVN Abbess Ben Abdelmoutalib, Fes 30000, Morroco"
85,147730,Steackers,1,24.99,04/20/19 15:38,"48 AVN Elfarah, Salé 11000, Morroco"
86,147731,Steackers,1,24.99,04/15/19 19:29,"62 AVN Ville nouvelle, Tetouan 93000, Morroco"
87,147732,Element ‑ Visserie Allen 1,1,82.95,04/13/19 12:24,"98 AVN Hassan II, Tanger 90000, Morroco"
88,147733,Element ‑ Visserie Allen 1,1,82.95,04/23/19 19:29,"180 AVN Abbess Ben Abdelmoutalib, Essaouira 44000, Morroco"
89,147734,Flip Complete Board,1,1400.0,04/10/19 09:51,"124 AVN Ennasr, CasaBlanca 20000, Morroco"
90,147734,Supreme Cap,1,79.99,04/10/19 09:51,"124 AVN Ennasr, CasaBlanca 20000, Morroco"
91,147735,Element ‑ Visserie Allen 1,1,82.95,04/13/19 10:44,"132 AVN Medina, CasaBlanca 20000, Morroco"
92,147736,Grip,1,26.84,04/18/19 15:50,"171 AVN Essaada, Rabat 10000, Morroco"
93,147737,55mm Sparx 99a Ricta Wheels,1,219.99,04/05/19 20:49,"139 AVN Medina, Salé 11000, Morroco"
94,147738,Supreme Cap,1,79.99,04/30/19 23:59,"68 AVN Medina, Essaouira 44000, Morroco"
95,147739,T-Shirt Colorblock vans,1,189.99,04/16/19 14:04,"131 AVN Ville nouvelle, Tetouan 93000, Morroco"
96,147740,T-Shirt Colorblock vans,1,189.99,04/24/19 13:04,"10 AVN Ennasr, Essaouira 44000, Morroco"
97,147741,Steackers,1,24.99,04/12/19 14:51,"149 AVN Medina, Rabat 10000, Morroco"
98,147742,All In One Skate,1,88.95,04/17/19 22:48,"12 AVN Elfarah, Essaouira 44000, Morroco"
99,147743,Black Standard Bullet Trucks,1,300.0,04/06/19 20:26,"130 AVN Ennasr, Salé 11000, Morroco"
100,147744,All In One Skate,1,88.95,04/09/19 14:29,"200 AVN Ville nouvelle, CasaBlanca 20000, Morroco"
101,147745,Supreme Cap,1,79.99,04/17/19 13:04,"113 AVN Hassan II, Essaouira 44000, Morroco"
102,147746,Element Complete Board,1,1200.0,04/30/19 10:43,"28 AVN Hassan II, Tanger 90000, Morroco"
103,147747,Supreme Cap,1,79.99,04/24/19 10:36,"37 AVN El Siaghin, Essaouira 44000, Morroco"
104,147748,Element ‑ Visserie Allen 1,1,82.95,04/27/19 09:15,"181 AVN Mohammed VI, Fes 30000, Morroco"
105,147749,55mm Sparx 99a Ricta Wheels,1,219.99,04/04/19 21:56,"129 AVN Essaada, Oujda 60000, Morroco"
106,147750,Supreme Cap,1,79.99,04/04/19 17:05,"61 AVN Mohammed VI, Fes 30000, Morroco"
107,147751,Flip Complete Board,1,1400.0,04/28/19 18:08,"99 AVN Essaada, Rabat 10000, Morroco"
108,147752,T-Shirt Colorblock vans,1,189.99,04/24/19 15:39,"82 AVN Elfarah, Tanger 90000, Morroco"
109,147753,Black Standard Bullet Trucks,1,300.0,04/13/19 13:23,"119 AVN El Siaghin, Essaouira 44000, Morroco"
110,147754,Grip,1,26.84,04/07/19 19:03,"26 AVN El Siaghin, CasaBlanca 20000, Morroco"
111,147755,Flat Bar,1,1899.99,04/13/19 22:48,"54 AVN Elfarah, Essaouira 44000, Morroco"
112,147755,Black Standard Bullet Trucks,1,300.0,04/13/19 22:48,"54 AVN Elfarah, Essaouira 44000, Morroco"
113,147756,Supreme Cap,1,79.99,04/10/19 18:14,"29 AVN Abbess Ben Abdelmoutalib, CasaBlanca 20000, Morroco"
114,147757,Element ‑ Visserie Allen 1,1,82.95,04/15/19 06:30,"48 AVN Ville nouvelle, CasaBlanca 20000, Morroco"
115,147758,All In One Skate,1,88.95,04/14/19 20:58,"19 AVN Elfarah, Fes 30000, Morroco"
116,147759,Element ‑ Visserie Allen 1,1,82.95,04/20/19 11:13,"171 AVN Mohammed V, CasaBlanca 20000, Morroco"
117,147760,Trasher hoodie,1,600.0,04/07/19 19:12,"67 AVN Medina, Tanger 90000, Morroco"
118,147761,Element by Nigel Cabourn Alder 4 Jacket,1,3400.0,04/02/19 10:16,"155 AVN Ville nouvelle, Fes 30000, Morroco"
119,147762,Steackers,1,24.99,04/21/19 17:51,"134 AVN Essaada, CasaBlanca 20000, Morroco"
120,147763,Supreme Cap,1,79.99,04/27/19 16:24,"39 AVN Elfarah, CasaBlanca 20000, Morroco"
121,147764,Supreme Cap,1,79.99,04/19/19 22:48,"104 AVN Medina, Tanger 90000, Morroco"
122,147765,Flat Bar,1,1899.99,04/22/19 12:14,"68 AVN Ville nouvelle, Essaouira 44000, Morroco"
123,147766,Flip Complete Board,1,1400.0,04/04/19 17:21,"91 AVN Mohammed V, Fes 30000, Morroco"
124,147766,Supreme Cap,1,79.99,04/04/19 17:21,"91 AVN Mohammed V, Fes 30000, Morroco"
125,147767,Element ‑ Visserie Allen 1,1,82.95,04/23/19 22:27,"56 AVN Essaada, Rabat 10000, Morroco"
126,147768,All In One Skate,1,88.95,04/24/19 20:53,"121 AVN Abbess Ben Abdelmoutalib, Salé 11000, Morroco"
127,147769,Steackers,1,24.99,04/03/19 12:15,"99 AVN Essaada, Tanger 90000, Morroco"
128,147770,Grip,1,26.84,04/30/19 17:26,"154 AVN Mohammed V, Tetouan 93000, Morroco"
129,147771,All In One Skate,1,88.95,04/14/19 12:39,"195 AVN Abbess Ben Abdelmoutalib, Essaouira 44000, Morroco"
130,147772,Supreme Cap,1,79.99,04/07/19 13:47,"110 AVN Ville nouvelle, Essaouira 44000, Morroco"
131,147773,Grip,1,26.84,04/19/19 14:43,"4 AVN Ennasr, CasaBlanca 20000, Morroco"
132,147774,Element ‑ Visserie Allen 1,1,82.95,04/05/19 19:27,"142 AVN Mohammed VI, Essaouira 44000, Morroco"
133,147775,Element by Nigel Cabourn Alder 4 Jacket,1,3400.0,04/07/19 12:09,"140 AVN Hassan II, Fes 30000, Morroco"
134,147776,"Mercer Flora Untamed 35"" Longboard",1,1200.0,04/27/19 09:12,"25 AVN Medina, Tetouan 93000, Morroco"
135,147777,Grip,1,26.84,04/14/19 19:39,"90 AVN Hassan II, CasaBlanca 20000, Morroco"
136,Order_ID,Product,Quantity_Ordered,Price_Each,Order_Date,Purchase_Address
137,147778,T-Shirt Colorblock vans,1,189.99,04/04/19 09:42,"197 AVN Ville nouvelle, CasaBlanca 20000, Morroco"
138,147779,T-Shirt Colorblock vans,1,189.99,04/17/19 20:02,"106 AVN Abbess Ben Abdelmoutalib, Salé 11000, Morroco"
139,147780,Grip,1,26.84,04/10/19 11:10,"114 AVN Essaada, CasaBlanca 20000, Morroco"
140,147781,Element by Nigel Cabourn Alder 4 Jacket,1,3400,04/18/19 15:25,"156 AVN Ennasr, Fes 30000, Morroco"
141,147782,Supreme Cap,1,79.99,04/15/19 21:40,"129 AVN Elfarah, Tetouan 93000, Morroco"
142,147783,All In One Skate,1,88.95,04/03/19 19:10,"87 AVN Hassan II, CasaBlanca 20000, Morroco"
143,147784,Flip Complete Board,1,1400,04/19/19 07:32,"46 AVN Elfarah, Salé 11000, Morroco"
144,147785,Polished Silver Standard Bullet Trucks,1,299.99,04/26/19 06:50,"58 AVN Medina, Fes 30000, Morroco"
145,147786,Element ‑ Visserie Allen 1,1,82.95,04/05/19 11:48,"176 AVN El Siaghin, Tetouan 93000, Morroco"
146,147787,Element ‑ Visserie Allen 1,1,82.95,04/11/19 06:43,"28 AVN Essaada, Rabat 10000, Morroco"
147,147788,Grip,2,26.84,04/08/19 17:25,"169 AVN Ennasr, Tanger 90000, Morroco"
148,147789,Steackers,1,24.99,04/16/19 16:50,"145 AVN Hassan II, Oujda 60000, Morroco"
149,147790,T-Shirt Colorblock vans,1,189.99,04/18/19 00:05,"11 AVN Ville nouvelle, ElJadida 24000, Morroco"
150,147791,Black Standard Bullet Trucks,1,300,04/18/19 16:51,"165 AVN Essaada, Essaouira 44000, Morroco"
151,147792,Supreme Cap,1,79.99,04/27/19 01:56,"135 AVN Mohammed V, Salé 11000, Morroco"
152,147793,Nike Nyjah 2,1,758.99,04/21/19 10:09,"104 AVN Ennasr, Tanger 90000, Morroco"
153,147794,Element Complete Board,1,1200,04/10/19 19:58,"175 AVN Mohammed V, Essaouira 44000, Morroco"
154,147795,Grip,1,26.84,04/20/19 00:48,"149 AVN Elfarah, Marrakech 40000, Morroco"
155,147796,Supreme Cap,1,79.99,04/22/19 19:40,"127 AVN Mohammed VI, Rabat 10000, Morroco"
156,147797,Steackers,1,24.99,04/03/19 14:17,"166 AVN Mohammed V, Oujda 60000, Morroco"
157,147798,Steackers,1,24.99,04/12/19 15:43,"136 AVN Ennasr, Tanger 90000, Morroco"
158,147799,Flat Bar,1,1899.99,04/25/19 16:38,"156 AVN El Siaghin, Oujda 60000, Morroco"
159,147800,Flip Complete Board,1,1400,04/22/19 10:44,"80 AVN Hassan II, Rabat 10000, Morroco"
160,147800,All In One Skate,1,88.95,04/22/19 10:44,"80 AVN Hassan II, Rabat 10000, Morroco"
161,147801,Polished Silver Standard Bullet Trucks,1,299.99,04/26/19 16:01,"182 AVN Medina, Rabat 10000, Morroco"
162,147802,Element ‑ Visserie Allen 1,1,82.95,04/16/19 11:43,"181 AVN Ville nouvelle, Essaouira 44000, Morroco"
163,147803,Flip Complete Board,1,1400,04/28/19 18:05,"58 AVN Elfarah, Essaouira 44000, Morroco"
164,147804,T-Shirt Colorblock vans,1,189.99,04/29/19 17:31,"66 AVN Medina, Fes 30000, Morroco"
165,147805,All In One Skate,1,88.95,04/15/19 12:00,"62 AVN Mohammed VI, Essaouira 44000, Morroco"
166,147806,T-Shirt Colorblock vans,1,189.99,04/10/19 21:58,"92 AVN Mohammed VI, Essaouira 44000, Morroco"
167,147807,Grip,1,26.84,04/30/19 23:59,"111 AVN Medina, Tanger 90000, Morroco"
168,147808,Nike Nyjah 2,1,758.99,04/24/19 20:54,"177 AVN Abbess Ben Abdelmoutalib, CasaBlanca 20000, Morroco"
169,147809,Nike Nyjah 2,1,758.99,04/09/19 12:27,"70 AVN Mohammed V, Marrakech 40000, Morroco"
170,147810,Grip,1,26.84,04/30/19 15:40,"105 AVN Medina, Oujda 60000, Morroco"
171,147811,Element ‑ Visserie Allen 1,1,82.95,04/11/19 20:08,"52 AVN Hassan II, Essaouira 44000, Morroco"
172,147812,Nike Jacob Janowski,1,778.99,04/09/19 07:53,"181 AVN Medina, Salé 11000, Morroco"
173,147813,Supreme Cap,1,79.99,04/30/19 19:38,"179 AVN Hassan II, CasaBlanca 20000, Morroco"
174,147813,Supreme Cap,1,79.99,04/30/19 19:38,"179 AVN Hassan II, CasaBlanca 20000, Morroco"
175,147814,Element by Nigel Cabourn Alder 4 Jacket,1,3400,04/12/19 11:06,"164 AVN Medina, Essaouira 44000, Morroco"
176,147815,T-Shirt Colorblock vans,1,189.99,04/22/19 08:28,"134 AVN Elfarah, CasaBlanca 20000, Morroco"
177,147816,Polished Silver Standard Bullet Trucks,1,299.99,04/02/19 20:04,"42 AVN Mohammed VI, Essaouira 44000, Morroco"
178,147817,Element Complete Board,1,1200,04/28/19 11:10,"60 AVN Ennasr, Salé 11000, Morroco"
179,147818,Grip,1,26.84,04/13/19 16:40,"66 AVN Ennasr, Fes 30000, Morroco"
180,147819,Grip,1,26.84,04/25/19 19:54,"33 AVN Medina, Salé 11000, Morroco"
181,147820,T-Shirt Colorblock vans,1,189.99,04/07/19 15:22,"40 AVN Hassan II, Tanger 90000, Morroco"
182,147821,Grip,1,26.84,04/26/19 22:04,"74 AVN Ennasr, Oujda 60000, Morroco"
183,147822,Polished Silver Standard Bullet Trucks,1,299.99,04/03/19 11:50,"127 AVN Elfarah, Rabat 10000, Morroco"
184,147823,Grip,1,26.84,04/06/19 11:05,"125 AVN Ennasr, Tetouan 93000, Morroco"
185,147824,Supreme Cap,1,79.99,04/28/19 22:17,"173 AVN Mohammed V, Salé 11000, Morroco"
186,147825,Trasher hoodie,1,600,04/24/19 18:11,"169 AVN Mohammed VI, Salé 11000, Morroco"
187,147826,Grip,1,26.84,04/05/19 16:24,"170 AVN Ville nouvelle, Salé 11000, Morroco"
188,147827,T-Shirt Colorblock vans,1,189.99,04/19/19 16:49,"3 AVN Ville nouvelle, CasaBlanca 20000, Morroco"
189,147828,Black Standard Bullet Trucks,1,300,04/10/19 18:45,"167 AVN El Siaghin, Essaouira 44000, Morroco"
190,147829,Element ‑ Visserie Allen 1,1,82.95,04/22/19 11:49,"24 AVN Mohammed V, Salé 11000, Morroco"
191,147830,Supreme Cap,1,79.99,04/24/19 06:17,"78 AVN Ennasr, Fes 30000, Morroco"
192,147831,Element ‑ Visserie Allen 1,1,82.95,04/26/19 17:23,"68 AVN Hassan II, Rabat 10000, Morroco"
193,147832,Grip,1,26.84,04/07/19 21:21,"155 AVN Ville nouvelle, Fes 30000, Morroco"
194,147833,Grip,1,26.84,04/04/19 14:22,"185 AVN Ennasr, Tanger 90000, Morroco"
195,147834,Element by Nigel Cabourn Alder 4 Jacket,1,3400,04/19/19 13:00,"58 AVN Hassan II, Fes 30000, Morroco"
196,147835,Element by Nigel Cabourn Alder 4 Jacket,1,3400,04/04/19 16:54,"36 AVN Ennasr, Oujda 60000, Morroco"
197,147836,Flip Complete Board,1,1400,04/17/19 20:09,"24 AVN Abbess Ben Abdelmoutalib, Rabat 10000, Morroco"
198,147837,Steackers,1,24.99,04/28/19 11:59,"147 AVN Abbess Ben Abdelmoutalib, Oujda 60000, Morroco"
199,147838,Supreme Cap,1,79.99,04/25/19 08:47,"194 AVN Ennasr, Essaouira 44000, Morroco"
200,147839,Flat Bar,1,1899.99,04/11/19 10:12,"101 AVN Ville nouvelle, Rabat 10000, Morroco"
201,147840,Supreme Cap,1,79.99,04/10/19 07:45,"166 AVN Mohammed VI, Salé 11000, Morroco"
202,147841,Trasher hoodie,1,600,04/16/19 22:04,"73 AVN Mohammed V, Marrakech 40000, Morroco"
203,147842,Supreme Cap,1,79.99,04/16/19 19:22,"31 AVN Abbess Ben Abdelmoutalib, Rabat 10000, Morroco"
204,147843,Steackers,1,24.99,04/28/19 15:56,"154 AVN Essaada, Rabat 10000, Morroco"
205,147844,Grip,1,26.84,04/07/19 17:29,"67 AVN Abbess Ben Abdelmoutalib, Tanger 90000, Morroco"
206,147845,Grip,1,26.84,04/17/19 12:24,"64 AVN Medina, Oujda 60000, Morroco"
207,147846,Flat Bar,1,1899.99,04/15/19 21:51,"3 AVN Hassan II, Essaouira 44000, Morroco"
208,147847,Element ‑ Visserie Allen 1,1,82.95,04/26/19 21:19,"100 AVN Ennasr, CasaBlanca 20000, Morroco"
209,147848,Grip,1,26.84,04/03/19 23:37,"200 AVN Ville nouvelle, Tetouan 93000, Morroco"
210,147849,Flip Complete Board,1,1400,04/02/19 10:01,"143 AVN Elfarah, Rabat 10000, Morroco"
211,147850,All In One Skate,1,88.95,04/01/19 23:48,"13 AVN Medina, Essaouira 44000, Morroco"
212,147851,Flip Complete Board,1,1400,04/16/19 16:40,"13 AVN Mohammed V, Essaouira 44000, Morroco"
213,147852,Grip,1,26.84,04/22/19 20:28,"69 AVN Ville nouvelle, Oujda 60000, Morroco"
214,147853,All In One Skate,1,88.95,04/02/19 09:02,"64 AVN Abbess Ben Abdelmoutalib, Oujda 60000, Morroco"
215,147854,Supreme Cap,1,79.99,04/26/19 13:11,"44 AVN Mohammed VI, Essaouira 44000, Morroco"
216,147855,Element ‑ Visserie Allen 1,1,82.95,04/15/19 17:33,"187 AVN Ville nouvelle, Essaouira 44000, Morroco"
217,147856,Supreme Cap,1,79.99,04/05/19 07:17,"44 AVN El Siaghin, Tanger 90000, Morroco"
218,147857,Black Standard Bullet Trucks,1,300,04/12/19 20:25,"88 AVN Abbess Ben Abdelmoutalib, Marrakech 40000, Morroco"
219,147858,Steackers,1,24.99,04/22/19 00:54,"13 AVN Hassan II, ElJadida 24000, Morroco"
220,147859,T-Shirt Colorblock vans,1,189.99,04/22/19 18:43,"103 AVN Abbess Ben Abdelmoutalib, Fes 30000, Morroco"
221,147860,Nike Jacob Janowski,1,778.99,04/01/19 23:56,"116 AVN Essaada, CasaBlanca 20000, Morroco"
222,147861,Element Complete Board,1,1200,04/09/19 17:00,"153 AVN Elfarah, Fes 30000, Morroco"
223,147862,Supreme Cap,2,79.99,04/05/19 11:52,"152 AVN Hassan II, Marrakech 40000, Morroco"
224,147863,Element Complete Board,1,1200,04/30/19 14:14,"90 AVN Elfarah, Tetouan 93000, Morroco"
225,147864,Nike Jacob Janowski,1,778.99,04/17/19 08:34,"183 AVN El Siaghin, Tetouan 93000, Morroco"
226,147865,T-Shirt Colorblock vans,1,189.99,04/12/19 17:04,"116 AVN Ennasr, Essaouira 44000, Morroco"
227,147866,T-Shirt Colorblock vans,1,189.99,04/18/19 12:27,"118 AVN Elfarah, Rabat 10000, Morroco"
228,147867,Supreme Cap,1,79.99,04/11/19 19:52,"43 AVN Ville nouvelle, Rabat 10000, Morroco"
229,147868,Grip,1,26.84,04/13/19 10:34,"70 AVN Mohammed VI, Salé 11000, Morroco"
230,147869,Element ‑ Visserie Allen 1,1,82.95,04/25/19 14:11,"178 AVN Abbess Ben Abdelmoutalib, Tetouan 93000, Morroco"
231,147870,Black Standard Bullet Trucks,1,300,04/06/19 23:13,"96 AVN Medina, Essaouira 44000, Morroco"
232,147871,Grip,1,26.84,04/07/19 13:07,"21 AVN Essaada, Salé 11000, Morroco"
233,147872,Element ‑ Visserie Allen 1,1,82.95,04/13/19 18:47,"149 AVN El Siaghin, Rabat 10000, Morroco"
234,147873,All In One Skate,1,88.95,04/24/19 10:10,"147 AVN Essaada, Rabat 10000, Morroco"
235,147874,Element ‑ Visserie Allen 1,1,82.95,04/11/19 16:34,"99 AVN Elfarah, CasaBlanca 20000, Morroco"
236,147875,Steackers,1,24.99,04/30/19 21:16,"158 AVN El Siaghin, CasaBlanca 20000, Morroco"
237,147876,Supreme Cap,1,79.99,04/19/19 12:12,"93 AVN Mohammed V, Salé 11000, Morroco"
238,147877,All In One Skate,1,88.95,04/11/19 14:09,"185 AVN Ennasr, Salé 11000, Morroco"
239,147878,Steackers,1,24.99,04/22/19 23:54,"90 AVN El Siaghin, Tetouan 93000, Morroco"
240,147879,Black Standard Bullet Trucks,1,300,04/24/19 14:30,"59 AVN Ville nouvelle, Rabat 10000, Morroco"
241,147880,Element ‑ Visserie Allen 1,1,82.95,04/23/19 21:08,"193 AVN Hassan II, Marrakech 40000, Morroco"
242,147881,All In One Skate,1,88.95,04/17/19 00:08,"80 AVN Abbess Ben Abdelmoutalib, Oujda 60000, Morroco"
243,147882,Grip,1,26.84,04/09/19 09:10,"57 AVN Ennasr, Salé 11000, Morroco"
244,147883,Flip Complete Board,1,1400,04/03/19 17:32,"24 AVN Hassan II, CasaBlanca 20000, Morroco"
245,147884,All In One Skate,1,88.95,04/25/19 10:04,"10 AVN Essaada, Tetouan 93000, Morroco"
246,147885,All In One Skate,1,88.95,04/21/19 12:51,"71 AVN Elfarah, Essaouira 44000, Morroco"
247,147886,Flip Complete Board,1,1400,04/17/19 17:12,"57 AVN Medina, CasaBlanca 20000, Morroco"
248,147887,Grip,1,26.84,04/09/19 11:54,"192 AVN Ville nouvelle, CasaBlanca 20000, Morroco"
249,147888,Element ‑ Visserie Allen 1,1,82.95,04/18/19 14:49,"94 AVN Medina, Essaouira 44000, Morroco"
250,147889,Nike Jacob Janowski,1,778.99,04/14/19 05:30,"145 AVN Hassan II, Fes 30000, Morroco"
251,147890,T-Shirt Colorblock vans,1,189.99,04/29/19 21:08,"124 AVN El Siaghin, Essaouira 44000, Morroco"
252,147891,Black Standard Bullet Trucks,1,300,04/05/19 10:21,"190 AVN Mohammed V, Marrakech 40000, Morroco"
253,147892,Grip,1,26.84,04/28/19 09:06,"4 AVN Medina, Salé 11000, Morroco"
254,147893,Steackers,1,24.99,04/13/19 00:41,"85 AVN Ville nouvelle, Oujda 60000, Morroco"
255,147894,Element Complete Board,1,1200,04/08/19 21:47,"34 AVN Mohammed VI, Rabat 10000, Morroco"
256,147894,Element ‑ Visserie Allen 1,1,82.95,04/08/19 21:47,"34 AVN Mohammed VI, Rabat 10000, Morroco"
257,147894,Supreme Cap,1,79.99,04/08/19 21:47,"34 AVN Mohammed VI, Rabat 10000, Morroco"
258,147895,Black Standard Bullet Trucks,1,300,04/27/19 01:18,"78 AVN Ennasr, Essaouira 44000, Morroco"
259,147896,Nike Nyjah 2,1,758.99,04/28/19 00:15,"126 AVN Mohammed V, Fes 30000, Morroco"
260,147897,Element ‑ Visserie Allen 1,1,82.95,04/19/19 19:29,"123 AVN Ville nouvelle, Rabat 10000, Morroco"
261,147898,T-Shirt Colorblock vans,1,189.99,04/21/19 13:33,"92 AVN El Siaghin, Essaouira 44000, Morroco"
262,147899,Steackers,1,24.99,05/01/19 00:11,"23 AVN Ville nouvelle, Fes 30000, Morroco"
263,,,,,,
264,147900,Black Standard Bullet Trucks,1,300,04/23/19 08:22,"47 AVN Hassan II, Rabat 10000, Morroco"
265,147901,All In One Skate,1,88.95,04/22/19 20:20,"154 AVN Mohammed V, Essaouira 44000, Morroco"
266,147902,Grip,1,26.84,04/06/19 13:18,"29 AVN Ville nouvelle, Salé 11000, Morroco"
267,147903,Grip,1,26.84,04/24/19 08:03,"95 AVN El Siaghin, Salé 11000, Morroco"
268,147904,Steackers,1,24.99,04/18/19 15:41,"117 AVN Hassan II, Tetouan 93000, Morroco"
269,147905,All In One Skate,1,88.95,04/24/19 09:36,"105 AVN Elfarah, Salé 11000, Morroco"
270,147906,Grip,1,26.84,04/05/19 20:12,"198 AVN Hassan II, Tanger 90000, Morroco"
271,147907,All In One Skate,1,88.95,04/18/19 09:08,"159 AVN Medina, Essaouira 44000, Morroco"
272,147908,Supreme Cap,1,79.99,04/22/19 20:06,"179 AVN Mohammed V, Rabat 10000, Morroco"
273,147909,Element ‑ Visserie Allen 1,1,82.95,04/14/19 12:51,"154 AVN Medina, Salé 11000, Morroco"
274,147910,Polished Silver Standard Bullet Trucks,1,299.99,04/10/19 10:04,"164 AVN Medina, CasaBlanca 20000, Morroco"
275,147911,Grip,1,26.84,04/19/19 21:01,"196 AVN Mohammed V, Marrakech 40000, Morroco"
276,147912,T-Shirt Colorblock vans,1,189.99,04/30/19 18:19,"150 AVN El Siaghin, Fes 30000, Morroco"
277,147913,All In One Skate,1,88.95,04/06/19 17:13,"79 AVN Ville nouvelle, Salé 11000, Morroco"
278,147914,Black Standard Bullet Trucks,1,300,04/27/19 17:21,"7 AVN Medina, Tetouan 93000, Morroco"
279,147915,Steackers,1,24.99,04/25/19 12:01,"158 AVN Ville nouvelle, Rabat 10000, Morroco"
280,147916,Trasher hoodie,1,600,04/12/19 20:07,"156 AVN Ville nouvelle, Rabat 10000, Morroco"
281,147917,Polished Silver Standard Bullet Trucks,1,299.99,04/11/19 11:44,"165 AVN Abbess Ben Abdelmoutalib, Essaouira 44000, Morroco"
282,147918,Element ‑ Visserie Allen 1,1,82.95,04/06/19 21:43,"187 AVN Ville nouvelle, Essaouira 44000, Morroco"
283,147919,Supreme Cap,1,79.99,04/09/19 17:13,"67 AVN Ennasr, Fes 30000, Morroco"
284,147920,Polished Silver Standard Bullet Trucks,1,299.99,04/22/19 21:28,"34 AVN Ennasr, CasaBlanca 20000, Morroco"
285,147920,Black Standard Bullet Trucks,1,300,04/22/19 21:28,"34 AVN Ennasr, CasaBlanca 20000, Morroco"
286,147921,Supreme Cap,1,79.99,04/21/19 15:56,"121 AVN Mohammed V, Marrakech 40000, Morroco"
287,147921,T-Shirt Colorblock vans,1,189.99,04/21/19 15:56,"121 AVN Mohammed V, Marrakech 40000, Morroco"
288,147922,Element Complete Board,1,1200,04/18/19 18:04,"72 AVN Mohammed V, Salé 11000, Morroco"
289,147923,Element Complete Board,1,1200,04/04/19 15:18,"171 AVN Medina, Tanger 90000, Morroco"
290,147924,Steackers,1,24.99,04/25/19 18:00,"107 AVN Mohammed V, Rabat 10000, Morroco"
291,147925,All In One Skate,1,88.95,04/01/19 23:21,"199 AVN El Siaghin, CasaBlanca 20000, Morroco"
292,147926,T-Shirt Colorblock vans,1,189.99,04/12/19 07:44,"11 AVN Mohammed VI, Salé 11000, Morroco"
293,147927,Black Standard Bullet Trucks,1,300,04/26/19 17:40,"74 AVN Mohammed V, Oujda 60000, Morroco"
294,147928,Grip,1,26.84,04/26/19 08:36,"35 AVN Ennasr, Essaouira 44000, Morroco"
295,147929,55mm Sparx 99a Ricta Wheels,1,219.99,04/26/19 18:02,"31 AVN Essaada, Salé 11000, Morroco"
296,147930,Steackers,1,24.99,04/07/19 13:42,"87 AVN Medina, Salé 11000, Morroco"
297,147931,Element by Nigel Cabourn Alder 4 Jacket,1,3400,04/13/19 03:38,"27 AVN Elfarah, Fes 30000, Morroco"
298,147932,All In One Skate,1,88.95,04/14/19 14:32,"22 AVN Essaada, Oujda 60000, Morroco"
299,147933,Element ‑ Visserie Allen 1,1,82.95,04/12/19 12:17,"4 AVN Ville nouvelle, Essaouira 44000, Morroco"
300,147934,Element ‑ Visserie Allen 1,1,82.95,04/09/19 05:30,"57 AVN Mohammed V, Salé 11000, Morroco"
301,147935,Flip Complete Board,1,1400,04/05/19 12:14,"9 AVN Hassan II, Marrakech 40000, Morroco"
302,147936,Polished Silver Standard Bullet Trucks,1,299.99,04/06/19 18:04,"115 AVN Mohammed V, Marrakech 40000, Morroco"
303,147937,Black Standard Bullet Trucks,1,300,04/09/19 19:15,"146 AVN Elfarah, Oujda 60000, Morroco"
304,147938,Element ‑ Visserie Allen 1,1,82.95,04/22/19 11:02,"50 AVN Hassan II, CasaBlanca 20000, Morroco"
305,147939,Element ‑ Visserie Allen 1,1,82.95,04/11/19 08:48,"130 AVN Hassan II, Fes 30000, Morroco"
306,147940,T-Shirt Colorblock vans,1,189.99,04/27/19 19:19,"131 AVN Essaada, CasaBlanca 20000, Morroco"
307,147941,Grip,1,26.84,04/10/19 11:21,"23 AVN Mohammed VI, Tanger 90000, Morroco"
308,147942,Trasher hoodie,1,600,04/14/19 16:51,"69 AVN El Siaghin, Tanger 90000, Morroco"
309,147943,Element ‑ Visserie Allen 1,1,82.95,04/27/19 02:10,"136 AVN Mohammed V, Oujda 60000, Morroco"
310,147944,T-Shirt Colorblock vans,1,189.99,04/23/19 18:41,"177 AVN Mohammed V, Fes 30000, Morroco"
311,147945,Element by Nigel Cabourn Alder 4 Jacket,1,3400,04/09/19 22:40,"187 AVN Hassan II, Salé 11000, Morroco"
312,147946,Element ‑ Visserie Allen 1,1,82.95,04/18/19 14:14,"74 AVN Ville nouvelle, Rabat 10000, Morroco"
313,147947,Steackers,1,24.99,04/15/19 17:15,"191 AVN Essaada, Essaouira 44000, Morroco"
314,147948,Supreme Cap,1,79.99,04/05/19 23:17,"31 AVN El Siaghin, Essaouira 44000, Morroco"
315,147949,Black Standard Bullet Trucks,1,300,04/06/19 23:08,"75 AVN El Siaghin, Essaouira 44000, Morroco"
316,147950,All In One Skate,1,88.95,04/26/19 06:23,"47 AVN Mohammed VI, Fes 30000, Morroco"
317,147951,All In One Skate,1,88.95,04/25/19 13:17,"24 AVN Elfarah, Rabat 10000, Morroco"
318,,,,,,
319,147952,55mm Sparx 99a Ricta Wheels,1,219.99,04/19/19 12:23,"109 AVN El Siaghin, Tanger 90000, Morroco"
320,147953,Element ‑ Visserie Allen 1,1,82.95,04/14/19 00:23,"139 AVN Essaada, Salé 11000, Morroco"
321,147954,Supreme Cap,1,79.99,04/10/19 19:06,"63 AVN Mohammed VI, Tetouan 93000, Morroco"
322,147955,Element ‑ Visserie Allen 1,1,82.95,04/21/19 21:48,"148 AVN Medina, Salé 11000, Morroco"
323,147956,Steackers,1,24.99,04/25/19 17:16,"198 AVN Abbess Ben Abdelmoutalib, Tetouan 93000, Morroco"
324,147957,Element Complete Board,1,1200,04/20/19 10:51,"66 AVN Mohammed VI, Essaouira 44000, Morroco"
325,147957,Element ‑ Visserie Allen 1,1,82.95,04/20/19 10:51,"66 AVN Mohammed VI, Essaouira 44000, Morroco"
326,147958,Supreme Cap,1,79.99,04/22/19 18:55,"142 AVN Hassan II, ElJadida 24000, Morroco"
327,147959,T-Shirt Colorblock vans,1,189.99,04/08/19 12:14,"50 AVN Abbess Ben Abdelmoutalib, Fes 30000, Morroco"
328,147960,Flip Complete Board,1,1400,04/10/19 13:00,"28 AVN Medina, Tetouan 93000, Morroco"
329,147960,All In One Skate,1,88.95,04/10/19 13:00,"28 AVN Medina, Tetouan 93000, Morroco"
330,147961,Element ‑ Visserie Allen 1,1,82.95,04/16/19 09:12,"111 AVN Ville nouvelle, Fes 30000, Morroco"
331,147962,Black Standard Bullet Trucks,1,300,04/25/19 18:36,"75 AVN Hassan II, Essaouira 44000, Morroco"
332,147963,Element by Nigel Cabourn Alder 4 Jacket,1,3400,04/28/19 11:48,"194 AVN Elfarah, Rabat 10000, Morroco"
333,147964,Element ‑ Visserie Allen 1,1,82.95,04/06/19 13:04,"66 AVN Abbess Ben Abdelmoutalib, CasaBlanca 20000, Morroco"
334,147965,Supreme Cap,1,79.99,04/07/19 08:53,"155 AVN Mohammed V, Rabat 10000, Morroco"
335,147966,T-Shirt Colorblock vans,1,189.99,04/25/19 14:20,"63 AVN Elfarah, ElJadida 24000, Morroco"
336,147967,Grip,1,26.84,04/02/19 13:08,"64 AVN Ennasr, CasaBlanca 20000, Morroco"
337,147968,Flip Complete Board,1,1400,04/17/19 08:11,"115 AVN Essaada, CasaBlanca 20000, Morroco"
338,147968,All In One Skate,1,88.95,04/17/19 08:11,"115 AVN Essaada, CasaBlanca 20000, Morroco"
339,147969,Grip,1,26.84,04/24/19 14:38,"106 AVN Ville nouvelle, Oujda 60000, Morroco"
340,147970,Steackers,1,24.99,04/01/19 12:41,"73 AVN Ville nouvelle, CasaBlanca 20000, Morroco"
341,147971,Nike Nyjah 2,1,758.99,04/06/19 14:14,"172 AVN Hassan II, Essaouira 44000, Morroco"
342,147972,All In One Skate,1,88.95,04/15/19 09:03,"37 AVN Abbess Ben Abdelmoutalib, CasaBlanca 20000, Morroco"
343,147973,Grip,1,26.84,04/26/19 09:17,"70 AVN Mohammed V, Marrakech 40000, Morroco"
344,147974,Grip,1,26.84,04/15/19 08:51,"168 AVN El Siaghin, Essaouira 44000, Morroco"
345,147975,Supreme Cap,1,79.99,04/07/19 18:30,"150 AVN Essaada, Rabat 10000, Morroco"
346,147976,Grip,1,26.84,04/05/19 11:23,"154 AVN El Siaghin, Salé 11000, Morroco"
347,147977,Element ‑ Visserie Allen 1,1,82.95,04/22/19 19:46,"55 AVN El Siaghin, Marrakech 40000, Morroco"
348,147978,Flip Complete Board,1,1400,04/11/19 09:09,"3 AVN Ville nouvelle, Rabat 10000, Morroco"
349,147979,Flat Bar,1,1899.99,04/20/19 21:02,"36 AVN Hassan II, Essaouira 44000, Morroco"
350,147980,Polished Silver Standard Bullet Trucks,1,299.99,04/14/19 15:03,"116 AVN Hassan II, Rabat 10000, Morroco"
351,147981,Grip,1,26.84,04/18/19 16:21,"78 AVN Ennasr, Rabat 10000, Morroco"
352,147982,Steackers,1,24.99,04/15/19 20:07,"90 AVN Medina, Marrakech 40000, Morroco"
353,147983,Flat Bar,1,1899.99,04/24/19 20:20,"8 AVN Hassan II, Marrakech 40000, Morroco"
354,147984,Grip,1,26.84,04/21/19 08:01,"59 AVN Medina, Tetouan 93000, Morroco"
355,147985,Element by Nigel Cabourn Alder 4 Jacket,1,3400,04/04/19 21:04,"126 AVN Essaada, Tanger 90000, Morroco"
356,147986,Element ‑ Visserie Allen 1,1,82.95,04/22/19 14:38,"115 AVN Hassan II, Salé 11000, Morroco"
357,147987,Nike Nyjah 2,1,758.99,04/11/19 10:31,"32 AVN Medina, Essaouira 44000, Morroco"
358,147988,Supreme Cap,1,79.99,04/26/19 09:50,"158 AVN Ennasr, Rabat 10000, Morroco"
359,147988,Element ‑ Visserie Allen 1,1,82.95,04/26/19 09:50,"158 AVN Ennasr, Rabat 10000, Morroco"
360,147989,Grip,1,26.84,04/10/19 19:58,"31 AVN Mohammed V, CasaBlanca 20000, Morroco"
361,147990,T-Shirt Colorblock vans,1,189.99,04/09/19 16:01,"145 AVN Elfarah, Fes 30000, Morroco"
362,147991,Trasher hoodie,1,600,04/19/19 20:47,"198 AVN Elfarah, Salé 11000, Morroco"
363,147992,All In One Skate,1,88.95,04/02/19 03:56,"53 AVN El Siaghin, Essaouira 44000, Morroco"
364,147993,Steackers,1,24.99,04/19/19 20:06,"111 AVN Abbess Ben Abdelmoutalib, Salé 11000, Morroco"
365,147994,T-Shirt Colorblock vans,1,189.99,04/22/19 20:56,"63 AVN Medina, Essaouira 44000, Morroco"
366,147995,Element ‑ Visserie Allen 1,1,82.95,04/17/19 18:31,"181 AVN Ville nouvelle, CasaBlanca 20000, Morroco"
367,147996,Nike Jacob Janowski,1,778.99,04/28/19 16:33,"111 AVN El Siaghin, CasaBlanca 20000, Morroco"
368,147997,Element ‑ Visserie Allen 1,1,82.95,04/29/19 11:44,"99 AVN Elfarah, Salé 11000, Morroco"
369,147998,Supreme Cap,1,79.99,04/04/19 20:20,"101 AVN El Siaghin, Fes 30000, Morroco"
370,147999,Grip,1,26.84,04/20/19 08:09,"39 AVN Elfarah, Tetouan 93000, Morroco"
371,148000,Black Standard Bullet Trucks,1,300,04/24/19 19:00,"183 AVN Ville nouvelle, CasaBlanca 20000, Morroco"
372,148001,Grip,1,26.84,04/03/19 23:05,"79 AVN Medina, Marrakech 40000, Morroco"
373,148002,Element ‑ Visserie Allen 1,1,82.95,04/28/19 20:44,"79 AVN Abbess Ben Abdelmoutalib, Rabat 10000, Morroco"
374,148003,All In One Skate,1,88.95,04/24/19 13:22,"160 AVN Essaada, Fes 30000, Morroco"
375,148004,Element Complete Board,1,1200,04/05/19 17:55,"67 AVN Hassan II, CasaBlanca 20000, Morroco"
376,148005,Supreme Cap,1,79.99,04/18/19 21:48,"10 AVN El Siaghin, Rabat 10000, Morroco"
377,148006,Flip Complete Board,1,1400,04/11/19 00:16,"181 AVN Ville nouvelle, Fes 30000, Morroco"
378,148007,Element Complete Board,1,1200,04/14/19 11:28,"13 AVN Mohammed VI, Salé 11000, Morroco"
379,148007,Element ‑ Visserie Allen 1,1,82.95,04/14/19 11:28,"13 AVN Mohammed VI, Salé 11000, Morroco"
380,148008,Grip,1,26.84,04/18/19 22:06,"128 AVN El Siaghin, Essaouira 44000, Morroco"
381,148009,T-Shirt Colorblock vans,1,189.99,04/23/19 16:34,"35 AVN Ville nouvelle, CasaBlanca 20000, Morroco"
382,148010,Supreme Cap,1,79.99,04/24/19 17:13,"76 AVN Mohammed V, Salé 11000, Morroco"
383,148011,All In One Skate,1,88.95,04/11/19 10:03,"143 AVN Ville nouvelle, CasaBlanca 20000, Morroco"
384,148012,Element ‑ Visserie Allen 1,1,82.95,04/01/19 12:06,"38 AVN Essaada, Tanger 90000, Morroco"
385,148013,Element by Nigel Cabourn Alder 4 Jacket,1,3400,04/13/19 18:58,"178 AVN Ville nouvelle, Essaouira 44000, Morroco"
386,148014,Nike Jacob Janowski,1,778.99,04/23/19 19:55,"134 AVN Ville nouvelle, Rabat 10000, Morroco"
387,148015,Steackers,1,24.99,04/11/19 15:30,"17 AVN El Siaghin, Tetouan 93000, Morroco"
388,148016,Element ‑ Visserie Allen 1,1,82.95,04/08/19 22:06,"59 AVN Abbess Ben Abdelmoutalib, Essaouira 44000, Morroco"
389,148017,Steackers,1,24.99,04/24/19 15:27,"92 AVN Ville nouvelle, CasaBlanca 20000, Morroco"
390,148018,Polished Silver Standard Bullet Trucks,1,299.99,04/23/19 02:49,"173 AVN Hassan II, Essaouira 44000, Morroco"
391,148019,Grip,1,26.84,04/06/19 20:11,"139 AVN Abbess Ben Abdelmoutalib, CasaBlanca 20000, Morroco"
392,148020,Trasher hoodie,1,600,04/13/19 11:55,"165 AVN Hassan II, Fes 30000, Morroco"
393,148021,Grip,1,26.84,04/04/19 07:45,"135 AVN Ville nouvelle, CasaBlanca 20000, Morroco"
394,148022,Trasher hoodie,1,600,04/15/19 15:55,"100 AVN Essaada, Salé 11000, Morroco"
395,148023,All In One Skate,1,88.95,04/30/19 23:36,"39 AVN Essaada, Tanger 90000, Morroco"
396,148024,Flip Complete Board,1,1400,04/28/19 11:23,"15 AVN Elfarah, Essaouira 44000, Morroco"
397,148025,Element Complete Board,1,1200,04/08/19 14:03,"61 AVN Abbess Ben Abdelmoutalib, CasaBlanca 20000, Morroco"
398,148026,Supreme Cap,1,79.99,04/19/19 15:37,"111 AVN Ennasr, Oujda 60000, Morroco"
399,148027,Element ‑ Visserie Allen 1,1,82.95,04/19/19 06:11,"28 AVN Ville nouvelle, Essaouira 44000, Morroco"
400,148028,Element ‑ Visserie Allen 1,1,82.95,04/07/19 17:32,"87 AVN El Siaghin, Salé 11000, Morroco"
401,148029,All In One Skate,1,88.95,04/28/19 14:19,"61 AVN Essaada, Fes 30000, Morroco"
402,148030,Element ‑ Visserie Allen 1,1,82.95,04/06/19 19:11,"180 AVN Ennasr, Salé 11000, Morroco"
403,148031,All In One Skate,1,88.95,04/03/19 23:09,"75 AVN Ennasr, Salé 11000, Morroco"
404,148032,Element ‑ Visserie Allen 1,1,82.95,04/15/19 12:24,"37 AVN Mohammed VI, Salé 11000, Morroco"
405,148033,Polished Silver Standard Bullet Trucks,1,299.99,04/12/19 14:21,"188 AVN Mohammed V, Salé 11000, Morroco"
406,148034,Steackers,1,24.99,04/23/19 15:21,"32 AVN Elfarah, Salé 11000, Morroco"
407,148034,Grip,1,26.84,04/23/19 15:21,"32 AVN Elfarah, Salé 11000, Morroco"
408,148035,Steackers,1,24.99,04/23/19 20:57,"161 AVN El Siaghin, Fes 30000, Morroco"
409,148036,Supreme Cap,1,79.99,04/01/19 16:09,"123 AVN Mohammed V, Tanger 90000, Morroco"
410,148037,Flat Bar,1,1899.99,04/23/19 00:47,"141 AVN Ennasr, Essaouira 44000, Morroco"
411,148038,Steackers,1,24.99,04/18/19 22:04,"74 AVN Ennasr, Essaouira 44000, Morroco"
412,148039,Element by Nigel Cabourn Alder 4 Jacket,1,3400,04/27/19 20:02,"45 AVN Elfarah, Salé 11000, Morroco"
413,148040,Element ‑ Visserie Allen 1,1,82.95,04/04/19 18:36,"17 AVN Ville nouvelle, CasaBlanca 20000, Morroco"
414,148041,Nike Jacob Janowski,1,778.99,04/11/19 18:43,"61 AVN Essaada, Marrakech 40000, Morroco"
415,148042,Grip,1,26.84,04/08/19 13:40,"69 AVN El Siaghin, Essaouira 44000, Morroco"
416,148043,Grip,1,26.84,04/22/19 17:28,"27 AVN Essaada, Fes 30000, Morroco"
417,148044,55mm Sparx 99a Ricta Wheels,1,219.99,04/26/19 21:50,"128 AVN Abbess Ben Abdelmoutalib, Rabat 10000, Morroco"
418,148045,Nike Jacob Janowski,1,778.99,04/05/19 21:47,"74 AVN El Siaghin, Essaouira 44000, Morroco"
419,148046,Grip,1,26.84,04/19/19 21:26,"53 AVN Elfarah, CasaBlanca 20000, Morroco"
420,148047,Grip,1,26.84,04/28/19 11:30,"132 AVN Mohammed V, Salé 11000, Morroco"
421,148048,Element by Nigel Cabourn Alder 4 Jacket,1,3400,04/28/19 16:14,"72 AVN Hassan II, Salé 11000, Morroco"
422,148049,Nike Jacob Janowski,1,778.99,04/03/19 10:16,"83 AVN El Siaghin, Rabat 10000, Morroco"
423,148050,Steackers,1,24.99,04/23/19 10:18,"86 AVN Elfarah, Essaouira 44000, Morroco"
424,148051,Nike Nyjah 2,1,758.99,04/21/19 11:17,"9 AVN Hassan II, ElJadida 24000, Morroco"
425,148052,Polished Silver Standard Bullet Trucks,1,299.99,04/18/19 23:30,"31 AVN Mohammed VI, CasaBlanca 20000, Morroco"
426,148053,T-Shirt Colorblock vans,1,189.99,04/16/19 12:04,"100 AVN Medina, Rabat 10000, Morroco"
427,148054,Trasher hoodie,1,600,04/05/19 18:55,"145 AVN Mohammed V, Rabat 10000, Morroco"
428,148055,Flat Bar,1,1899.99,04/01/19 17:33,"90 AVN Abbess Ben Abdelmoutalib, Essaouira 44000, Morroco"
429,148056,All In One Skate,1,88.95,04/29/19 18:31,"51 AVN Abbess Ben Abdelmoutalib, Salé 11000, Morroco"
430,148057,T-Shirt Colorblock vans,1,189.99,04/28/19 12:25,"163 AVN Ennasr, CasaBlanca 20000, Morroco"
431,148058,Black Standard Bullet Trucks,1,300,04/09/19 06:41,"178 AVN Medina, Tanger 90000, Morroco"
432,148059,All In One Skate,1,88.95,04/18/19 19:24,"101 AVN Ville nouvelle, Oujda 60000, Morroco"
433,148060,Element Complete Board,1,1200,04/16/19 13:54,"139 AVN Essaada, Oujda 60000, Morroco"
434,148061,Steackers,1,24.99,04/05/19 19:57,"20 AVN Elfarah, Rabat 10000, Morroco"
435,148062,Flip Complete Board,1,1400,04/16/19 09:57,"15 AVN Abbess Ben Abdelmoutalib, Salé 11000, Morroco"
436,148063,Element ‑ Visserie Allen 1,1,82.95,04/28/19 22:44,"114 AVN Elfarah, Essaouira 44000, Morroco"
437,148064,Element ‑ Visserie Allen 1,1,82.95,04/21/19 13:13,"150 AVN Ville nouvelle, Salé 11000, Morroco"
438,148065,Steackers,1,24.99,04/07/19 20:53,"100 AVN Ennasr, Marrakech 40000, Morroco"
439,148066,T-Shirt Colorblock vans,1,189.99,04/27/19 09:34,"1 AVN Essaada, CasaBlanca 20000, Morroco"
440,148067,Black Standard Bullet Trucks,1,300,04/11/19 09:11,"65 AVN Abbess Ben Abdelmoutalib, CasaBlanca 20000, Morroco"
441,148068,T-Shirt Colorblock vans,1,189.99,04/12/19 08:49,"102 AVN Abbess Ben Abdelmoutalib, Essaouira 44000, Morroco"
442,148069,All In One Skate,1,88.95,04/15/19 10:43,"126 AVN Mohammed V, Essaouira 44000, Morroco"
443,148070,Steackers,1,24.99,04/02/19 14:42,"134 AVN Mohammed V, Fes 30000, Morroco"
444,148071,Nike Nyjah 2,1,758.99,04/28/19 01:40,"127 AVN Abbess Ben Abdelmoutalib, CasaBlanca 20000, Morroco"
445,148072,T-Shirt Colorblock vans,1,189.99,04/20/19 14:23,"101 AVN Mohammed VI, CasaBlanca 20000, Morroco"
446,148073,Grip,1,26.84,04/15/19 11:49,"160 AVN Medina, Marrakech 40000, Morroco"
447,148074,All In One Skate,1,88.95,04/26/19 11:27,"125 AVN Ville nouvelle, CasaBlanca 20000, Morroco"
448,148075,Nike Nyjah 2,1,758.99,04/13/19 09:11,"164 AVN Medina, Essaouira 44000, Morroco"
449,148076,Supreme Cap,1,79.99,04/15/19 11:02,"105 AVN Medina, CasaBlanca 20000, Morroco"
450,148077,T-Shirt Colorblock vans,1,189.99,04/12/19 19:39,"95 AVN Mohammed VI, Salé 11000, Morroco"
451,148078,Element Complete Board,1,1200,04/24/19 16:39,"147 AVN Abbess Ben Abdelmoutalib, Essaouira 44000, Morroco"
452,148078,Element ‑ Visserie Allen 1,1,82.95,04/24/19 16:39,"147 AVN Abbess Ben Abdelmoutalib, Essaouira 44000, Morroco"
453,148079,Black Standard Bullet Trucks,1,300,04/26/19 14:34,"29 AVN Essaada, Salé 11000, Morroco"
454,148080,Element ‑ Visserie Allen 1,1,82.95,04/14/19 20:49,"2 AVN Essaada, Tanger 90000, Morroco"
455,148081,Steackers,1,24.99,04/24/19 00:56,"174 AVN Mohammed VI, Salé 11000, Morroco"
456,148082,Element by Nigel Cabourn Alder 4 Jacket,1,3400,04/14/19 22:41,"69 AVN Medina, Essaouira 44000, Morroco"
457,148083,Trasher hoodie,1,600,04/24/19 15:00,"71 AVN El Siaghin, Salé 11000, Morroco"
458,148084,Steackers,1,24.99,04/11/19 15:47,"46 AVN Essaada, Marrakech 40000, Morroco"
459,148085,Black Standard Bullet Trucks,1,300,04/17/19 13:24,"41 AVN Mohammed V, Essaouira 44000, Morroco"
460,148086,Flip Complete Board,1,1400,04/24/19 18:00,"49 AVN Elfarah, Rabat 10000, Morroco"
461,148087,Black Standard Bullet Trucks,1,300,04/02/19 13:43,"178 AVN Elfarah, Tanger 90000, Morroco"
462,148088,Supreme Cap,1,79.99,04/30/19 21:03,"192 AVN Elfarah, Essaouira 44000, Morroco"
463,148089,Black Standard Bullet Trucks,1,300,04/18/19 21:18,"57 AVN Hassan II, Essaouira 44000, Morroco"
464,148090,T-Shirt Colorblock vans,1,189.99,04/23/19 14:39,"1 AVN Mohammed V, Essaouira 44000, Morroco"
465,148091,Supreme Cap,1,79.99,04/17/19 09:16,"132 AVN Mohammed VI, Oujda 60000, Morroco"
466,148092,Steackers,1,24.99,04/06/19 15:20,"14 AVN Mohammed V, Essaouira 44000, Morroco"
467,148093,Supreme Cap,1,79.99,04/30/19 18:57,"102 AVN Mohammed VI, CasaBlanca 20000, Morroco"
468,148094,Grip,1,26.84,04/29/19 18:27,"157 AVN Mohammed VI, Essaouira 44000, Morroco"
469,148095,Nike Nyjah 2,1,758.99,04/17/19 19:58,"131 AVN Essaada, Rabat 10000, Morroco"
470,148096,Steackers,1,24.99,04/17/19 11:29,"33 AVN Hassan II, Oujda 60000, Morroco"
471,148097,Nike Jacob Janowski,1,778.99,04/13/19 21:54,"56 AVN Medina, Rabat 10000, Morroco"
472,148098,Element by Nigel Cabourn Alder 4 Jacket,1,3400,04/11/19 19:11,"162 AVN Medina, Oujda 60000, Morroco"
473,148099,Grip,1,26.84,04/01/19 17:52,"47 AVN Mohammed V, Essaouira 44000, Morroco"
474,148100,Flip Complete Board,1,1400,04/21/19 13:34,"10 AVN Mohammed V, Tetouan 93000, Morroco"
475,148101,All In One Skate,1,88.95,04/01/19 20:45,"115 AVN Essaada, Essaouira 44000, Morroco"
476,148102,Polished Silver Standard Bullet Trucks,1,299.99,04/06/19 21:21,"114 AVN Ennasr, Marrakech 40000, Morroco"
477,148103,Polished Silver Standard Bullet Trucks,1,299.99,04/29/19 23:53,"179 AVN Hassan II, CasaBlanca 20000, Morroco"
478,148104,T-Shirt Colorblock vans,1,189.99,04/16/19 00:00,"34 AVN Medina, Fes 30000, Morroco"
479,148105,Element by Nigel Cabourn Alder 4 Jacket,1,3400,04/08/19 09:56,"89 AVN Mohammed VI, Tetouan 93000, Morroco"
480,148106,Flip Complete Board,1,1400,04/15/19 01:54,"156 AVN Mohammed VI, Tanger 90000, Morroco"
481,148106,Supreme Cap,1,79.99,04/15/19 01:54,"156 AVN Mohammed VI, Tanger 90000, Morroco"
482,148107,All In One Skate,1,88.95,04/28/19 10:08,"187 AVN Hassan II, CasaBlanca 20000, Morroco"
483,148108,Steackers,1,24.99,04/19/19 17:48,"23 AVN Mohammed VI, Rabat 10000, Morroco"
484,148109,Black Standard Bullet Trucks,1,300,04/08/19 10:03,"64 AVN Medina, Fes 30000, Morroco"
485,148110,All In One Skate,1,88.95,04/28/19 10:52,"172 AVN Elfarah, Tanger 90000, Morroco"
486,148111,Element ‑ Visserie Allen 1,1,82.95,04/30/19 23:19,"121 AVN Hassan II, CasaBlanca 20000, Morroco"
487,148112,55mm Sparx 99a Ricta Wheels,1,219.99,04/17/19 07:34,"82 AVN Mohammed V, Fes 30000, Morroco"
488,148113,Supreme Cap,1,79.99,04/03/19 21:56,"102 AVN Ennasr, Rabat 10000, Morroco"
489,148114,Steackers,1,24.99,04/13/19 22:11,"15 AVN Hassan II, Essaouira 44000, Morroco"
490,148115,Element Complete Board,1,1200,04/22/19 20:09,"56 AVN Essaada, Rabat 10000, Morroco"
491,148116,Element ‑ Visserie Allen 1,1,82.95,04/15/19 01:00,"110 AVN Ennasr, CasaBlanca 20000, Morroco"
492,148117,Grip,1,26.84,04/22/19 20:36,"96 AVN Elfarah, Essaouira 44000, Morroco"
493,148118,Black Standard Bullet Trucks,1,300,04/21/19 22:53,"61 AVN Mohammed V, CasaBlanca 20000, Morroco"
494,148119,Nike Jacob Janowski,1,778.99,04/13/19 19:55,"133 AVN El Siaghin, Essaouira 44000, Morroco"
495,148120,Nike Jacob Janowski,1,778.99,04/17/19 18:34,"162 AVN Hassan II, CasaBlanca 20000, Morroco"
496,148121,Steackers,1,24.99,04/10/19 22:25,"136 AVN Hassan II, CasaBlanca 20000, Morroco"
497,148122,Trasher hoodie,1,600,04/10/19 15:02,"158 AVN Hassan II, Marrakech 40000, Morroco"
498,148123,Steackers,1,24.99,04/02/19 13:52,"51 AVN Hassan II, Fes 30000, Morroco"
499,148124,Element ‑ Visserie Allen 1,1,82.95,04/03/19 19:27,"198 AVN Medina, Salé 11000, Morroco"
500,148125,Element ‑ Visserie Allen 1,1,82.95,04/23/19 09:24,"90 AVN Mohammed V, Essaouira 44000, Morroco"
501,148126,Trasher hoodie,1,600,04/13/19 19:33,"121 AVN Mohammed V, Marrakech 40000, Morroco"
502,148127,Supreme Cap,1,79.99,04/25/19 10:08,"166 AVN Essaada, Oujda 60000, Morroco"
503,148128,Polished Silver Standard Bullet Trucks,1,299.99,04/07/19 11:31,"158 AVN Hassan II, Rabat 10000, Morroco"
504,148129,Supreme Cap,1,79.99,04/09/19 09:35,"33 AVN Ennasr, Tanger 90000, Morroco"
505,148130,Grip,1,26.84,04/15/19 23:31,"55 AVN Elfarah, Tanger 90000, Morroco"
506,148131,Element ‑ Visserie Allen 1,1,82.95,04/08/19 20:31,"141 AVN Medina, Tanger 90000, Morroco"
507,148132,Flip Complete Board,1,1400,04/09/19 05:00,"158 AVN Ville nouvelle, Rabat 10000, Morroco"
508,148133,All In One Skate,1,88.95,04/13/19 19:24,"179 AVN Mohammed VI, Rabat 10000, Morroco"
509,148134,All In One Skate,1,88.95,04/20/19 21:40,"73 AVN Hassan II, Essaouira 44000, Morroco"
510,148135,Element ‑ Visserie Allen 1,1,82.95,04/03/19 22:57,"90 AVN Mohammed VI, Tanger 90000, Morroco"
511,148136,Black Standard Bullet Trucks,1,300,04/28/19 18:22,"173 AVN Medina, CasaBlanca 20000, Morroco"
512,148137,T-Shirt Colorblock vans,1,189.99,04/04/19 11:58,"32 AVN Mohammed VI, Salé 11000, Morroco"
513,148138,Steackers,1,24.99,04/29/19 23:40,"128 AVN Mohammed VI, Salé 11000, Morroco"
514,148139,Nike Nyjah 2,1,758.99,04/17/19 12:29,"154 AVN Ennasr, CasaBlanca 20000, Morroco"
515,148140,Grip,1,26.84,04/02/19 10:10,"28 AVN Elfarah, Oujda 60000, Morroco"
516,148141,Black Standard Bullet Trucks,1,300,04/20/19 20:17,"48 AVN Ennasr, CasaBlanca 20000, Morroco"
517,148142,Flip Complete Board,1,1400,04/28/19 16:15,"162 AVN Essaada, CasaBlanca 20000, Morroco"
518,148143,Steackers,2,24.99,04/26/19 09:30,"37 AVN Mohammed V, Fes 30000, Morroco"
519,148144,T-Shirt Colorblock vans,1,189.99,04/01/19 12:59,"41 AVN Elfarah, Salé 11000, Morroco"
520,148145,Nike Nyjah 2,1,758.99,04/02/19 19:15,"159 AVN Mohammed VI, CasaBlanca 20000, Morroco"
521,148146,Black Standard Bullet Trucks,1,300,04/01/19 08:55,"10 AVN El Siaghin, Essaouira 44000, Morroco"
522,148147,Grip,1,26.84,04/16/19 23:23,"104 AVN Essaada, Essaouira 44000, Morroco"
523,148148,All In One Skate,1,88.95,04/28/19 13:32,"105 AVN Elfarah, Marrakech 40000, Morroco"
524,148149,Polished Silver Standard Bullet Trucks,1,299.99,04/09/19 20:20,"20 AVN Hassan II, Salé 11000, Morroco"
525,148150,Black Standard Bullet Trucks,1,300,04/16/19 12:25,"78 AVN Hassan II, CasaBlanca 20000, Morroco"
526,148150,Element ‑ Visserie Allen 1,1,82.95,04/16/19 12:25,"78 AVN Hassan II, CasaBlanca 20000, Morroco"
527,148151,T-Shirt Colorblock vans,1,189.99,04/23/19 17:08,"171 AVN Mohammed VI, Rabat 10000, Morroco"
528,148152,T-Shirt Colorblock vans,1,189.99,04/03/19 16:53,"151 AVN Mohammed VI, Rabat 10000, Morroco"
529,148153,Element ‑ Visserie Allen 1,1,82.95,04/01/19 19:01,"54 AVN Medina, Salé 11000, Morroco"
530,148154,Flat Bar,1,1899.99,04/06/19 12:01,"6 AVN Hassan II, Salé 11000, Morroco"
531,148155,Flat Bar,1,1899.99,04/08/19 08:40,"161 AVN Mohammed V, Salé 11000, Morroco"
532,148156,Black Standard Bullet Trucks,1,300,04/19/19 17:46,"194 AVN Hassan II, CasaBlanca 20000, Morroco"
533,148157,Steackers,1,24.99,04/01/19 21:23,"190 AVN Mohammed VI, Salé 11000, Morroco"
534,148158,Nike Jacob Janowski,1,778.99,04/04/19 20:33,"5 AVN Medina, Tetouan 93000, Morroco"
535,148159,Supreme Cap,1,79.99,04/01/19 10:38,"23 AVN El Siaghin, Salé 11000, Morroco"
536,148160,Nike Nyjah 2,1,758.99,04/28/19 21:11,"71 AVN Ennasr, Salé 11000, Morroco"
537,148161,Black Standard Bullet Trucks,1,300,04/26/19 02:40,"19 AVN Mohammed VI, Salé 11000, Morroco"
538,148162,Element ‑ Visserie Allen 1,1,82.95,04/20/19 20:22,"11 AVN Ville nouvelle, Salé 11000, Morroco"
539,148163,All In One Skate,1,88.95,04/24/19 21:25,"77 AVN Essaada, CasaBlanca 20000, Morroco"
540,148164,Trasher hoodie,1,600,04/15/19 07:43,"192 AVN Medina, Rabat 10000, Morroco"
541,148165,All In One Skate,1,88.95,04/17/19 11:03,"174 AVN Ville nouvelle, Rabat 10000, Morroco"
542,148166,Grip,1,26.84,04/01/19 17:49,"2 AVN Ville nouvelle, Essaouira 44000, Morroco"
543,148167,All In One Skate,1,88.95,04/12/19 13:58,"56 AVN Medina, Salé 11000, Morroco"
544,148168,Element ‑ Visserie Allen 1,1,82.95,04/17/19 13:16,"95 AVN Mohammed VI, Fes 30000, Morroco"
545,148169,Grip,1,26.84,04/02/19 10:03,"175 AVN Ennasr, CasaBlanca 20000, Morroco"
546,148170,Steackers,1,24.99,04/14/19 10:25,"54 AVN Ennasr, Salé 11000, Morroco"
547,148171,T-Shirt Colorblock vans,1,189.99,04/29/19 19:55,"108 AVN El Siaghin, Salé 11000, Morroco"
548,148172,Element Complete Board,1,1200,04/30/19 19:33,"34 AVN Elfarah, CasaBlanca 20000, Morroco"
549,148173,Steackers,1,24.99,04/26/19 14:34,"78 AVN Elfarah, Fes 30000, Morroco"
550,148174,T-Shirt Colorblock vans,1,189.99,04/12/19 23:43,"70 AVN Abbess Ben Abdelmoutalib, CasaBlanca 20000, Morroco"
551,148175,Black Standard Bullet Trucks,1,300,04/27/19 16:48,"93 AVN Elfarah, Salé 11000, Morroco"
552,148176,Polished Silver Standard Bullet Trucks,1,299.99,04/16/19 17:25,"105 AVN Hassan II, Rabat 10000, Morroco"
553,148177,Steackers,1,24.99,04/02/19 10:02,"87 AVN Ville nouvelle, Rabat 10000, Morroco"
554,148178,Flat Bar,1,1899.99,04/26/19 22:13,"159 AVN Medina, Fes 30000, Morroco"
555,148179,Steackers,1,24.99,04/14/19 11:44,"123 AVN Ville nouvelle, Essaouira 44000, Morroco"
556,148180,All In One Skate,1,88.95,04/17/19 06:43,"104 AVN Medina, Marrakech 40000, Morroco"
557,148181,Flip Complete Board,1,1400,04/21/19 18:53,"94 AVN Essaada, Essaouira 44000, Morroco"
558,148182,All In One Skate,1,88.95,04/15/19 16:50,"1 AVN Medina, Salé 11000, Morroco"
559,148183,Element ‑ Visserie Allen 1,1,82.95,04/13/19 16:52,"54 AVN Ennasr, CasaBlanca 20000, Morroco"
560,148184,Element Complete Board,1,1200,04/04/19 10:21,"38 AVN Ville nouvelle, Essaouira 44000, Morroco"
561,148185,Supreme Cap,1,79.99,04/15/19 22:58,"75 AVN Ennasr, Oujda 60000, Morroco"
562,148185,Polished Silver Standard Bullet Trucks,1,299.99,04/15/19 22:58,"75 AVN Ennasr, Oujda 60000, Morroco"
563,148186,Grip,1,26.84,04/16/19 23:20,"64 AVN Ville nouvelle, CasaBlanca 20000, Morroco"
564,148187,Black Standard Bullet Trucks,1,300,04/19/19 12:44,"29 AVN Elfarah, Rabat 10000, Morroco"
565,148188,Element by Nigel Cabourn Alder 4 Jacket,1,3400,04/08/19 12:28,"149 AVN Essaada, Tetouan 93000, Morroco"
566,148189,T-Shirt Colorblock vans,1,189.99,04/12/19 16:53,"45 AVN Abbess Ben Abdelmoutalib, Salé 11000, Morroco"
567,148190,Grip,1,26.84,04/06/19 09:15,"99 AVN Hassan II, CasaBlanca 20000, Morroco"
568,148191,All In One Skate,1,88.95,04/16/19 17:11,"131 AVN Essaada, Salé 11000, Morroco"
569,148192,Grip,1,26.84,04/16/19 17:48,"133 AVN Ville nouvelle, Fes 30000, Morroco"
570,148193,Element ‑ Visserie Allen 1,1,82.95,04/26/19 08:22,"182 AVN Essaada, Fes 30000, Morroco"
571,148194,All In One Skate,1,88.95,04/26/19 18:10,"127 AVN Ennasr, Salé 11000, Morroco"
572,148194,Supreme Cap,1,79.99,04/26/19 18:10,"127 AVN Ennasr, Salé 11000, Morroco"
573,148195,Grip,1,26.84,04/03/19 21:38,"70 AVN Elfarah, Marrakech 40000, Morroco"
574,148196,Black Standard Bullet Trucks,1,300,04/19/19 12:49,"137 AVN Mohammed VI, Salé 11000, Morroco"
575,148197,Flip Complete Board,1,1400,04/21/19 22:52,"140 AVN Medina, CasaBlanca 20000, Morroco"
576,148198,Supreme Cap,1,79.99,04/07/19 20:27,"44 AVN Hassan II, Essaouira 44000, Morroco"
577,148199,Steackers,1,24.99,04/06/19 12:13,"194 AVN Elfarah, Essaouira 44000, Morroco"
578,148200,Steackers,1,24.99,04/30/19 20:38,"132 AVN El Siaghin, Rabat 10000, Morroco"
579,148201,Nike Jacob Janowski,1,778.99,04/30/19 19:21,"92 AVN Medina, Essaouira 44000, Morroco"
580,148202,Black Standard Bullet Trucks,1,300,04/04/19 13:44,"47 AVN Essaada, Essaouira 44000, Morroco"
581,148203,Steackers,1,24.99,04/13/19 23:01,"120 AVN Medina, Essaouira 44000, Morroco"
582,148204,Flip Complete Board,1,1400,04/22/19 23:21,"131 AVN Medina, Tanger 90000, Morroco"
583,148205,Supreme Cap,1,79.99,04/22/19 09:02,"81 AVN Mohammed VI, CasaBlanca 20000, Morroco"
584,148206,All In One Skate,1,88.95,04/10/19 12:02,"134 AVN Medina, Salé 11000, Morroco"
585,148207,Grip,1,26.84,04/28/19 09:13,"22 AVN Ville nouvelle, CasaBlanca 20000, Morroco"
586,148208,Steackers,1,24.99,04/23/19 02:15,"62 AVN Hassan II, Oujda 60000, Morroco"
587,148209,Element ‑ Visserie Allen 1,1,82.95,04/14/19 11:20,"103 AVN Mohammed V, Tanger 90000, Morroco"
588,148210,Grip,1,26.84,04/09/19 20:45,"137 AVN El Siaghin, Marrakech 40000, Morroco"
589,148211,Supreme Cap,1,79.99,04/23/19 19:03,"140 AVN Mohammed VI, Essaouira 44000, Morroco"
590,148212,Black Standard Bullet Trucks,1,300,04/12/19 06:33,"9 AVN Ennasr, Essaouira 44000, Morroco"
591,148213,All In One Skate,1,88.95,04/27/19 22:48,"64 AVN Mohammed VI, Tanger 90000, Morroco"
592,148214,"Santa Cruz Classic Dot 41"" Drop Through Longboard",1,1200.0,04/04/19 09:29,"31 AVN Mohammed V, Fes 30000, Morroco"
593,148215,T-Shirt Colorblock vans,1,189.99,04/24/19 23:54,"200 AVN Ville nouvelle, Essaouira 44000, Morroco"
594,148216,Steackers,1,24.99,04/04/19 09:18,"172 AVN Essaada, Essaouira 44000, Morroco"
595,148217,Nike Jacob Janowski,1,778.99,04/08/19 11:27,"18 AVN Ville nouvelle, Oujda 60000, Morroco"
596,148218,Polished Silver Standard Bullet Trucks,1,299.99,04/15/19 08:06,"36 AVN El Siaghin, Essaouira 44000, Morroco"
597,148219,Element ‑ Visserie Allen 1,1,82.95,04/06/19 18:25,"11 AVN Mohammed V, Salé 11000, Morroco"
598,148220,Element ‑ Visserie Allen 1,1,82.95,04/18/19 11:34,"4 AVN Hassan II, Salé 11000, Morroco"
599,148221,Element ‑ Visserie Allen 1,1,82.95,04/25/19 19:32,"140 AVN Ennasr, Tanger 90000, Morroco"
600,148222,Element ‑ Visserie Allen 1,1,82.95,04/11/19 14:34,"142 AVN Elfarah, Essaouira 44000, Morroco"
601,148223,Element by Nigel Cabourn Alder 4 Jacket,1,3400,04/25/19 16:36,"36 AVN Elfarah, Oujda 60000, Morroco"
602,148224,All In One Skate,1,88.95,04/30/19 15:11,"105 AVN Mohammed VI, CasaBlanca 20000, Morroco"
603,148225,T-Shirt Colorblock vans,1,189.99,04/15/19 08:38,"189 AVN El Siaghin, Salé 11000, Morroco"
604,148226,Grip,1,26.84,04/25/19 09:25,"38 AVN Essaada, CasaBlanca 20000, Morroco"
605,148227,All In One Skate,1,88.95,04/17/19 22:49,"57 AVN Ville nouvelle, Essaouira 44000, Morroco"
606,148228,Nike Jacob Janowski,1,778.99,04/28/19 22:59,"92 AVN Mohammed VI, Essaouira 44000, Morroco"
607,148229,T-Shirt Colorblock vans,1,189.99,04/23/19 17:57,"81 AVN Ennasr, Rabat 10000, Morroco"
608,148230,All In One Skate,1,88.95,04/17/19 13:22,"73 AVN Ville nouvelle, Salé 11000, Morroco"
609,148231,All In One Skate,1,88.95,04/18/19 16:06,"165 AVN Mohammed V, Fes 30000, Morroco"
610,148232,Element ‑ Visserie Allen 1,1,82.95,04/01/19 21:42,"50 AVN Mohammed V, Oujda 60000, Morroco"
611,148233,All In One Skate,1,88.95,04/25/19 11:20,"47 AVN Hassan II, Marrakech 40000, Morroco"
612,148234,Element by Nigel Cabourn Alder 4 Jacket,1,3400,04/26/19 12:53,"148 AVN Essaada, Marrakech 40000, Morroco"
613,148235,Element ‑ Visserie Allen 1,1,82.95,04/26/19 14:18,"96 AVN Mohammed VI, Salé 11000, Morroco"
614,148236,Grip,1,26.84,04/11/19 10:31,"26 AVN Essaada, Salé 11000, Morroco"
615,148237,Element by Nigel Cabourn Alder 4 Jacket,1,3400,04/30/19 18:07,"103 AVN Essaada, Essaouira 44000, Morroco"
616,148238,55mm Sparx 99a Ricta Wheels,1,219.99,04/08/19 19:11,"50 AVN Ville nouvelle, Oujda 60000, Morroco"
617,148238,Grip,1,26.84,04/08/19 19:11,"50 AVN Ville nouvelle, Oujda 60000, Morroco"
618,148239,Steackers,1,24.99,04/19/19 16:45,"52 AVN Mohammed V, Essaouira 44000, Morroco"
619,,,,,,
620,148240,Black Standard Bullet Trucks,1,300,04/19/19 12:32,"108 AVN Ville nouvelle, Salé 11000, Morroco"
621,148241,Nike Jacob Janowski,1,778.99,04/20/19 17:05,"193 AVN Medina, Essaouira 44000, Morroco"
622,148242,T-Shirt Colorblock vans,1,189.99,04/24/19 13:45,"185 AVN Mohammed V, CasaBlanca 20000, Morroco"
623,148243,Supreme Cap,1,79.99,04/08/19 22:00,"141 AVN Ennasr, Salé 11000, Morroco"
624,148243,Element ‑ Visserie Allen 1,1,82.95,04/08/19 22:00,"141 AVN Ennasr, Salé 11000, Morroco"
625,148244,Steackers,1,24.99,04/28/19 12:21,"198 AVN Ennasr, Salé 11000, Morroco"
626,148245,Nike Nyjah 2,1,758.99,04/16/19 09:11,"143 AVN Essaada, CasaBlanca 20000, Morroco"
627,148246,Nike Jacob Janowski,1,778.99,04/27/19 21:32,"114 AVN Abbess Ben Abdelmoutalib, Marrakech 40000, Morroco"
628,148247,Element ‑ Visserie Allen 1,1,82.95,04/23/19 12:44,"128 AVN Hassan II, Salé 11000, Morroco"
629,148248,Steackers,1,24.99,04/27/19 19:39,"84 AVN Ennasr, Essaouira 44000, Morroco"
630,148249,T-Shirt Colorblock vans,1,189.99,04/13/19 07:34,"152 AVN Mohammed VI, Rabat 10000, Morroco"
631,148250,Black Standard Bullet Trucks,1,300,04/11/19 18:53,"118 AVN Abbess Ben Abdelmoutalib, Marrakech 40000, Morroco"
632,148251,Black Standard Bullet Trucks,1,300,04/03/19 14:08,"97 AVN Essaada, Salé 11000, Morroco"
633,,,,,,
634,148252,T-Shirt Colorblock vans,1,189.99,04/03/19 18:16,"44 AVN Medina, Fes 30000, Morroco"
635,148253,Steackers,1,24.99,04/02/19 12:52,"103 AVN Essaada, CasaBlanca 20000, Morroco"
636,148254,Supreme Cap,1,79.99,04/06/19 18:14,"152 AVN Mohammed VI, Salé 11000, Morroco"
637,148255,All In One Skate,1,88.95,04/07/19 12:53,"142 AVN Mohammed V, Tanger 90000, Morroco"
638,148256,55mm Sparx 99a Ricta Wheels,1,219.99,04/17/19 15:28,"27 AVN Essaada, Essaouira 44000, Morroco"
639,148257,Element ‑ Visserie Allen 1,1,82.95,04/14/19 12:25,"34 AVN El Siaghin, Salé 11000, Morroco"
640,148258,Polished Silver Standard Bullet Trucks,1,299.99,04/28/19 10:21,"74 AVN Mohammed V, Essaouira 44000, Morroco"
641,148259,Element ‑ Visserie Allen 1,1,82.95,04/20/19 15:23,"82 AVN Abbess Ben Abdelmoutalib, Salé 11000, Morroco"
642,148260,Grip,1,26.84,04/26/19 19:57,"120 AVN Essaada, Oujda 60000, Morroco"
643,148261,Nike Jacob Janowski,1,778.99,04/18/19 17:25,"50 AVN Essaada, CasaBlanca 20000, Morroco"
644,148262,Flat Bar,1,1899.99,04/02/19 21:37,"148 AVN Elfarah, Fes 30000, Morroco"
645,148263,Flip Complete Board,1,1400,04/05/19 13:17,"194 AVN Elfarah, Essaouira 44000, Morroco"
646,148264,Grip,1,26.84,04/08/19 08:39,"178 AVN Essaada, Tetouan 93000, Morroco"
647,148265,T-Shirt Colorblock vans,1,189.99,04/10/19 13:19,"90 AVN Ville nouvelle, Oujda 60000, Morroco"
648,148266,Flip Complete Board,1,1400,04/25/19 11:53,"178 AVN Essaada, Essaouira 44000, Morroco"
649,148267,Element ‑ Visserie Allen 1,1,82.95,04/07/19 18:19,"71 AVN Ennasr, Essaouira 44000, Morroco"
650,148268,Element ‑ Visserie Allen 1,1,82.95,04/30/19 18:25,"179 AVN Essaada, Essaouira 44000, Morroco"
651,148269,Black Standard Bullet Trucks,1,300,04/05/19 15:28,"11 AVN El Siaghin, CasaBlanca 20000, Morroco"
652,148270,"Santa Cruz Classic Dot 41"" Drop Through Longboard",1,1200.0,04/18/19 12:20,"106 AVN Ennasr, Essaouira 44000, Morroco"
653,148271,All In One Skate,1,88.95,04/28/19 09:11,"111 AVN Medina, Marrakech 40000, Morroco"
654,148272,T-Shirt Colorblock vans,1,189.99,04/05/19 17:15,"103 AVN Abbess Ben Abdelmoutalib, Essaouira 44000, Morroco"
655,148273,Grip,1,26.84,04/27/19 23:55,"86 AVN Ennasr, Rabat 10000, Morroco"
656,148274,Grip,1,26.84,04/10/19 17:29,"112 AVN Hassan II, Oujda 60000, Morroco"
657,148275,T-Shirt Colorblock vans,1,189.99,04/15/19 06:25,"101 AVN Ville nouvelle, Essaouira 44000, Morroco"
658,148276,Steackers,1,24.99,04/02/19 10:43,"12 AVN Mohammed V, CasaBlanca 20000, Morroco"
659,148277,Supreme Cap,1,79.99,04/21/19 09:40,"52 AVN Essaada, CasaBlanca 20000, Morroco"
660,148278,Element ‑ Visserie Allen 1,1,82.95,04/30/19 20:06,"176 AVN Abbess Ben Abdelmoutalib, Marrakech 40000, Morroco"
661,148279,Supreme Cap,1,79.99,04/30/19 16:23,"77 AVN El Siaghin, Essaouira 44000, Morroco"
662,148280,Element Complete Board,1,1200,04/25/19 18:25,"151 AVN El Siaghin, Essaouira 44000, Morroco"
663,148280,Supreme Cap,1,79.99,04/25/19 18:25,"151 AVN El Siaghin, Essaouira 44000, Morroco"
664,148281,"Mercer Flora Untamed 35"" Longboard",1,1200.0,04/15/19 07:29,"60 AVN Abbess Ben Abdelmoutalib, CasaBlanca 20000, Morroco"
665,148282,Supreme Cap,1,79.99,04/29/19 17:06,"171 AVN Abbess Ben Abdelmoutalib, Fes 30000, Morroco"
666,148283,Flat Bar,1,1899.99,04/25/19 00:03,"127 AVN El Siaghin, Salé 11000, Morroco"
667,148284,Polished Silver Standard Bullet Trucks,1,299.99,04/23/19 12:26,"33 AVN Mohammed V, CasaBlanca 20000, Morroco"
668,148285,All In One Skate,1,88.95,04/29/19 19:31,"3 AVN Elfarah, CasaBlanca 20000, Morroco"
669,148286,Flat Bar,1,1899.99,04/13/19 12:40,"165 AVN Mohammed V, Essaouira 44000, Morroco"
670,148287,Supreme Cap,1,79.99,04/12/19 09:28,"48 AVN Mohammed V, CasaBlanca 20000, Morroco"
671,148288,Black Standard Bullet Trucks,1,300,04/11/19 18:09,"2 AVN Mohammed VI, Fes 30000, Morroco"
672,148289,Element ‑ Visserie Allen 1,1,82.95,04/04/19 06:41,"89 AVN Abbess Ben Abdelmoutalib, Salé 11000, Morroco"
673,148290,Grip,1,26.84,04/23/19 12:00,"100 AVN Ennasr, CasaBlanca 20000, Morroco"
674,148291,Oliveira Tin Toy Deck,1,800,04/15/19 23:41,"116 AVN Abbess Ben Abdelmoutalib, Essaouira 44000, Morroco"
675,148291,Element ‑ Visserie Allen 1,1,82.95,04/15/19 23:41,"116 AVN Abbess Ben Abdelmoutalib, Essaouira 44000, Morroco"
676,148292,T-Shirt Colorblock vans,1,189.99,04/22/19 22:05,"191 AVN Hassan II, Salé 11000, Morroco"
677,148293,Nike Jacob Janowski,1,778.99,04/05/19 13:44,"23 AVN El Siaghin, Essaouira 44000, Morroco"
678,148294,Trasher hoodie,1,600,04/03/19 19:48,"57 AVN Elfarah, CasaBlanca 20000, Morroco"
679,148294,Grip,1,26.84,04/03/19 19:48,"57 AVN Elfarah, CasaBlanca 20000, Morroco"
680,148295,Steackers,1,24.99,04/20/19 06:50,"106 AVN Essaada, Oujda 60000, Morroco"
681,148296,Grip,1,26.84,04/17/19 19:31,"73 AVN Ennasr, CasaBlanca 20000, Morroco"
682,148297,T-Shirt Colorblock vans,1,189.99,04/05/19 13:29,"120 AVN Medina, Fes 30000, Morroco"
683,148298,Nike Jacob Janowski,1,778.99,04/27/19 21:44,"41 AVN Mohammed V, Salé 11000, Morroco"
684,148299,Element ‑ Visserie Allen 1,1,82.95,04/28/19 08:03,"92 AVN Mohammed V, Rabat 10000, Morroco"
685,148300,Element ‑ Visserie Allen 1,1,82.95,04/26/19 21:36,"90 AVN Ennasr, Salé 11000, Morroco"
686,148301,Grip,1,26.84,04/18/19 18:18,"87 AVN Hassan II, Salé 11000, Morroco"
687,148302,Grip,1,26.84,04/10/19 11:12,"40 AVN Medina, Salé 11000, Morroco"
688,148303,Grip,1,26.84,04/08/19 12:40,"32 AVN Mohammed V, Tetouan 93000, Morroco"
689,148303,Grip,1,26.84,04/08/19 12:40,"32 AVN Mohammed V, Tetouan 93000, Morroco"
690,148304,All In One Skate,1,88.95,04/18/19 17:18,"33 AVN Ennasr, Essaouira 44000, Morroco"
691,148304,All In One Skate,1,88.95,04/18/19 17:18,"33 AVN Ennasr, Essaouira 44000, Morroco"
692,148305,Steackers,1,24.99,04/13/19 19:20,"40 AVN Abbess Ben Abdelmoutalib, Salé 11000, Morroco"
693,148306,Steackers,1,24.99,04/25/19 21:55,"68 AVN Ennasr, Tetouan 93000, Morroco"
694,148307,Element ‑ Visserie Allen 1,1,82.95,04/20/19 19:01,"156 AVN Elfarah, CasaBlanca 20000, Morroco"
695,148308,Supreme Cap,1,79.99,04/20/19 21:02,"125 AVN Elfarah, Salé 11000, Morroco"
696,148309,Element ‑ Visserie Allen 1,1,82.95,04/30/19 23:01,"186 AVN Essaada, Rabat 10000, Morroco"
697,148310,Nike Nyjah 2,1,758.99,04/23/19 17:18,"170 AVN El Siaghin, CasaBlanca 20000, Morroco"
698,148311,"Mercer Flora Untamed 35"" Longboard",1,1200.0,04/02/19 16:04,"73 AVN El Siaghin, Essaouira 44000, Morroco"
699,148312,Element ‑ Visserie Allen 1,1,82.95,04/07/19 22:12,"9 AVN Ennasr, Fes 30000, Morroco"
700,148312,All In One Skate,1,88.95,04/07/19 22:12,"9 AVN Ennasr, Fes 30000, Morroco"
701,148313,Grip,1,26.84,04/24/19 20:08,"106 AVN Mohammed V, Salé 11000, Morroco"
702,148314,Element ‑ Visserie Allen 1,1,82.95,04/12/19 15:42,"89 AVN Medina, CasaBlanca 20000, Morroco"
703,148315,Nike Nyjah 2,1,758.99,04/30/19 09:41,"90 AVN Ennasr, Marrakech 40000, Morroco"
704,148316,Black Standard Bullet Trucks,1,300,04/07/19 11:23,"194 AVN Elfarah, Salé 11000, Morroco"
705,148317,Steackers,1,24.99,04/18/19 14:45,"97 AVN Ennasr, Essaouira 44000, Morroco"
706,148318,Element ‑ Visserie Allen 1,1,82.95,04/16/19 13:23,"200 AVN Mohammed VI, Rabat 10000, Morroco"
707,148319,All In One Skate,1,88.95,04/01/19 17:41,"154 AVN Mohammed V, Fes 30000, Morroco"
708,148320,Supreme Cap,1,79.99,04/12/19 11:09,"94 AVN Ville nouvelle, CasaBlanca 20000, Morroco"
709,148321,Nike Jacob Janowski,1,778.99,04/11/19 07:50,"111 AVN Ennasr, Salé 11000, Morroco"
710,148322,All In One Skate,1,88.95,04/30/19 18:50,"113 AVN Ville nouvelle, Essaouira 44000, Morroco"
711,148323,Grip,1,26.84,04/17/19 21:52,"162 AVN Mohammed V, Rabat 10000, Morroco"
712,148324,Element ‑ Visserie Allen 1,1,82.95,04/20/19 12:42,"184 AVN Medina, Essaouira 44000, Morroco"
713,148325,Nike Jacob Janowski,1,778.99,04/27/19 20:31,"65 AVN Abbess Ben Abdelmoutalib, CasaBlanca 20000, Morroco"
714,148326,Black Standard Bullet Trucks,1,300,04/10/19 23:07,"90 AVN Elfarah, Fes 30000, Morroco"
715,148327,Element ‑ Visserie Allen 1,1,82.95,04/02/19 18:59,"136 AVN Hassan II, Tanger 90000, Morroco"
716,148328,Supreme Cap,1,79.99,04/09/19 16:11,"113 AVN Mohammed VI, Fes 30000, Morroco"
717,148329,T-Shirt Colorblock vans,1,189.99,04/27/19 16:06,"39 AVN Elfarah, Essaouira 44000, Morroco"
718,148330,Steackers,1,24.99,04/28/19 11:50,"183 AVN Elfarah, Rabat 10000, Morroco"
719,148331,All In One Skate,1,88.95,04/29/19 11:42,"118 AVN Medina, ElJadida 24000, Morroco"
720,148332,All In One Skate,1,88.95,04/27/19 11:08,"137 AVN Mohammed V, Salé 11000, Morroco"
721,148333,Element ‑ Visserie Allen 1,1,82.95,04/12/19 10:16,"59 AVN Mohammed V, CasaBlanca 20000, Morroco"
722,148334,Grip,1,26.84,04/01/19 12:40,"86 AVN Ennasr, Salé 11000, Morroco"
723,148335,Nike Jacob Janowski,1,778.99,04/30/19 12:13,"138 AVN Ville nouvelle, Rabat 10000, Morroco"
724,148336,Grip,1,26.84,04/26/19 20:17,"88 AVN Mohammed VI, Rabat 10000, Morroco"
725,148337,All In One Skate,1,88.95,04/05/19 11:32,"128 AVN Mohammed V, CasaBlanca 20000, Morroco"
726,148338,All In One Skate,1,88.95,04/04/19 22:46,"98 AVN Essaada, Marrakech 40000, Morroco"
727,148339,T-Shirt Colorblock vans,1,189.99,04/18/19 13:23,"11 AVN Essaada, Essaouira 44000, Morroco"
728,148340,All In One Skate,1,88.95,04/03/19 12:34,"1 AVN Ennasr, Essaouira 44000, Morroco"
729,148341,Supreme Cap,1,79.99,04/17/19 07:56,"36 AVN Medina, Essaouira 44000, Morroco"
730,148342,Steackers,1,24.99,04/17/19 15:01,"145 AVN Medina, Rabat 10000, Morroco"
731,148343,Black Standard Bullet Trucks,1,300,04/08/19 12:51,"157 AVN Essaada, CasaBlanca 20000, Morroco"
732,148344,Polished Silver Standard Bullet Trucks,1,299.99,04/08/19 21:58,"127 AVN Mohammed VI, Salé 11000, Morroco"
733,148345,Steackers,1,24.99,04/01/19 13:22,"2 AVN Ville nouvelle, Tetouan 93000, Morroco"
734,148346,Steackers,1,24.99,04/16/19 19:51,"124 AVN Abbess Ben Abdelmoutalib, Tetouan 93000, Morroco"
735,148347,Black Standard Bullet Trucks,1,300,04/21/19 18:32,"11 AVN Medina, Fes 30000, Morroco"
736,148348,All In One Skate,1,88.95,04/20/19 17:34,"161 AVN Mohammed V, Fes 30000, Morroco"
737,148349,T-Shirt Colorblock vans,1,189.99,04/11/19 08:55,"60 AVN Hassan II, Salé 11000, Morroco"
738,148350,Grip,1,26.84,04/16/19 17:20,"158 AVN Medina, Rabat 10000, Morroco"
739,148351,Supreme Cap,1,79.99,04/05/19 13:22,"98 AVN Elfarah, Oujda 60000, Morroco"
740,148352,Supreme Cap,1,79.99,04/18/19 19:23,"109 AVN Essaada, Rabat 10000, Morroco"
741,148353,Supreme Cap,1,79.99,04/01/19 10:13,"63 AVN Medina, Tanger 90000, Morroco"
742,148354,Flat Bar,1,1899.99,04/25/19 19:51,"87 AVN Mohammed VI, ElJadida 24000, Morroco"
743,148355,All In One Skate,1,88.95,04/30/19 09:03,"170 AVN El Siaghin, Tanger 90000, Morroco"
744,148356,Trasher hoodie,1,600,04/10/19 07:59,"156 AVN Ville nouvelle, CasaBlanca 20000, Morroco"
745,148357,Supreme Cap,1,79.99,04/07/19 08:59,"9 AVN Elfarah, Fes 30000, Morroco"
746,148358,"Mercer Flora Untamed 35"" Longboard",1,1200.0,04/14/19 11:27,"140 AVN Essaada, Tetouan 93000, Morroco"
747,148359,All In One Skate,1,88.95,04/09/19 12:13,"169 AVN Elfarah, Essaouira 44000, Morroco"
748,148360,Steackers,1,24.99,04/30/19 16:01,"115 AVN Essaada, Oujda 60000, Morroco"
749,148361,Steackers,1,24.99,04/22/19 11:51,"42 AVN Mohammed V, Essaouira 44000, Morroco"
750,148362,Nike Nyjah 2,1,758.99,04/14/19 08:41,"73 AVN Ennasr, Essaouira 44000, Morroco"
751,148363,Flip Complete Board,1,1400,04/06/19 21:29,"198 AVN Abbess Ben Abdelmoutalib, Marrakech 40000, Morroco"
752,148364,All In One Skate,1,88.95,04/04/19 06:39,"100 AVN Ennasr, Salé 11000, Morroco"
753,148365,All In One Skate,1,88.95,04/09/19 17:21,"117 AVN Elfarah, Salé 11000, Morroco"
754,148366,Element ‑ Visserie Allen 1,1,82.95,04/11/19 13:43,"26 AVN Elfarah, ElJadida 24000, Morroco"
755,148367,All In One Skate,1,88.95,04/16/19 00:35,"69 AVN Mohammed V, Rabat 10000, Morroco"
756,148368,Element ‑ Visserie Allen 1,1,82.95,04/06/19 22:43,"19 AVN Ennasr, Essaouira 44000, Morroco"
757,148369,Supreme Cap,1,79.99,04/01/19 14:28,"78 AVN Ennasr, Fes 30000, Morroco"
758,148370,Grip,1,26.84,04/05/19 14:53,"100 AVN Abbess Ben Abdelmoutalib, CasaBlanca 20000, Morroco"
759,148371,All In One Skate,1,88.95,04/07/19 17:16,"151 AVN Elfarah, CasaBlanca 20000, Morroco"
760,148372,Element ‑ Visserie Allen 1,1,82.95,04/08/19 21:28,"92 AVN Elfarah, Marrakech 40000, Morroco"
761,148373,Flip Complete Board,1,1400,04/15/19 13:05,"4 AVN Mohammed V, Marrakech 40000, Morroco"
762,148374,Supreme Cap,1,79.99,04/20/19 12:07,"39 AVN Essaada, Essaouira 44000, Morroco"
763,148375,Polished Silver Standard Bullet Trucks,1,299.99,04/05/19 13:11,"158 AVN Ville nouvelle, ElJadida 24000, Morroco"
764,148376,Trasher hoodie,1,600,04/30/19 18:39,"51 AVN Ville nouvelle, Tetouan 93000, Morroco"
765,148376,Grip,1,26.84,04/30/19 18:39,"51 AVN Ville nouvelle, Tetouan 93000, Morroco"
766,148377,Element ‑ Visserie Allen 1,1,82.95,04/15/19 13:33,"159 AVN El Siaghin, Rabat 10000, Morroco"
767,148378,Steackers,1,24.99,04/19/19 21:07,"173 AVN Ville nouvelle, Essaouira 44000, Morroco"
768,148379,Grip,1,26.84,04/16/19 13:56,"58 AVN Ennasr, CasaBlanca 20000, Morroco"
769,148380,Supreme Cap,1,79.99,04/10/19 14:10,"193 AVN Ennasr, Salé 11000, Morroco"
770,148381,Black Standard Bullet Trucks,1,300,04/02/19 11:46,"92 AVN Ville nouvelle, Essaouira 44000, Morroco"
771,148382,Grip,1,26.84,04/23/19 06:47,"199 AVN Hassan II, Fes 30000, Morroco"
772,148383,Supreme Cap,1,79.99,04/23/19 11:14,"150 AVN Hassan II, Fes 30000, Morroco"
773,148384,Flip Complete Board,1,1400,04/19/19 12:20,"22 AVN Medina, Oujda 60000, Morroco"
774,148385,Element ‑ Visserie Allen 1,1,82.95,04/19/19 00:48,"57 AVN Ennasr, Salé 11000, Morroco"
775,148386,Steackers,1,24.99,04/28/19 15:18,"168 AVN Essaada, Essaouira 44000, Morroco"
776,148387,Steackers,1,24.99,04/03/19 18:29,"147 AVN Elfarah, Rabat 10000, Morroco"
777,148388,Steackers,1,24.99,04/09/19 09:17,"159 AVN Abbess Ben Abdelmoutalib, Tanger 90000, Morroco"
778,148389,Supreme Cap,1,79.99,04/14/19 18:12,"179 AVN Medina, Oujda 60000, Morroco"
779,148390,Grip,1,26.84,04/23/19 18:52,"90 AVN Medina, Fes 30000, Morroco"
780,148391,Steackers,1,24.99,04/16/19 20:59,"11 AVN Ennasr, Fes 30000, Morroco"
781,148392,Polished Silver Standard Bullet Trucks,1,299.99,04/17/19 05:31,"186 AVN Abbess Ben Abdelmoutalib, Essaouira 44000, Morroco"
782,148393,All In One Skate,1,88.95,04/24/19 10:17,"106 AVN Mohammed VI, Essaouira 44000, Morroco"
783,148394,Supreme Cap,1,79.99,04/29/19 00:40,"146 AVN Elfarah, Rabat 10000, Morroco"
784,148395,Element ‑ Visserie Allen 1,1,82.95,04/17/19 12:48,"165 AVN Elfarah, Rabat 10000, Morroco"
785,148396,Nike Jacob Janowski,1,778.99,04/22/19 09:19,"37 AVN Hassan II, Essaouira 44000, Morroco"
